title,make_id,model_id,variant_id,body_id,year,center_id,color,vin,lot,doors,seats,fuel_type,fuel_details,transmission,transmission_details,euro_status,cc,keys,engine_runs,mileage,mileage_warranted,former_keepers,vat_status,bidding_history,last_bid,bidding_status,cap_new,cap_retail,cap_clean,cap_average,cap_below,glass_new,glass_retail,glass_trade,autotrader_retail_value,autotrader_trade_value,buy_now_price,start_date,start_time,end_date,mot_expiry_date,mot_due,inspection_date,dor,v5,reg,service_history,no_of_services,number_of_services_details,last_service,last_service_mileage,dvsa_mileage,inspection_report,other_report,service_notes,vendor,grade,tyres_condition,general_condition,brakes,hubs,features,equipment,additional_information,imported,declarations,damaged_images,damage_details,images
NISSAN JUKE					1.5 dCi Acenta 5dr,NISSAN,JUKE,1.5 dCi Acenta 5dr,Hatchback,,Glasgow,WHITE,,G2-078382,5,,Diesel,Diesel,MANUAL,MANUAL,,1.5,,No,62903,Yes,3,,"£6,350, £6,350, £6,300, £6,250, £6,200, £6,150, £6,100, £6,050, £6,000, £5,950, £5,900, £5,850, £5,800, £5,700, £5,600, £5,500, £5,400, £5,300, £5,200",6350,sold,,,,,,,,,"£5,343",,,8/12/2025,13:30,,10/1/2026,,,Mar-16,Present,YT16LLF,Yes,,,,,,https://www.centralcarauctions.com/motorvehicleinspectionreport/standard/78382.pdf,,,,3,"Tyre NSF||Illegal, Tyre OSF||Illegal, Tyre NSR||OK, Tyre OSR||OK, Spare Tyre||","Shelfload Cover Rear|Missing|Replace, Bonnet|Poor Previous Repair|Paint Flake, Wheel nsf|Scratched|Up To 50mm, Door osr|Dented|Between 10mm + 30mm, Wing osf|Dented|Over 30mm, Screen Front|Chipped|UpTo 10mm",,,,,"{'Category': {'Cat': '', 'Info': ''}}",,,,,"https://cca-web-public.s3.eu-west-1.amazonaws.com/motorvehicle/78382/1764857978_VXs5MW.jpg, https://cca-web-public.s3.eu-west-1.amazonaws.com/motorvehicle/78382/1764857978_bLygEs.jpg, https://cca-web-public.s3.eu-west-1.amazonaws.com/motorvehicle/78382/1764857978_vlZ9H3.jpg, https://cca-web-public.s3.eu-west-1.amazonaws.com/motorvehicle/78382/1764857978_LX7H55.jpg, https://cca-web-public.s3.eu-west-1.amazonaws.com/motorvehicle/78382/1764857979_6FHOlU.jpg, https://cca-web-public.s3.eu-west-1.amazonaws.com/motorvehicle/78382/1764857979_JEM3Jy.jpg, https://cca-web-public.s3.eu-west-1.amazonaws.com/motorvehicle/78382/1764857979_siSLqb.jpg, https://cca-web-public.s3.eu-west-1.amazonaws.com/motorvehicle/78382/1764857979_MhU3iE.jpg, https://cca-web-public.s3.eu-west-1.amazonaws.com/motorvehicle/78382/1764857979_HFWoeY.jpg, https://cca-web-public.s3.eu-west-1.amazonaws.com/motorvehicle/78382/1764857980_V8jJDr.jpg, https://cca-web-public.s3.eu-west-1.amazonaws.com/motorvehicle/78382/1764857980_uxX34l.jpg, https://cca-web-public.s3.eu-west-1.amazonaws.com/motorvehicle/78382/1764857980_oYg6bh.jpg, https://cca-web-public.s3.eu-west-1.amazonaws.com/motorvehicle/78382/1764857980_OuGRck.jpg, https://cca-web-public.s3.eu-west-1.amazonaws.com/motorvehicle/78382/1764857981_4dVbk7.jpg, https://cca-web-public.s3.eu-west-1.amazonaws.com/motorvehicle/78382/1764857981_egUd53.jpg, https://cca-web-public.s3.eu-west-1.amazonaws.com/motorvehicle/78382/1764857981_0rQ45f.jpg, https://cca-web-public.s3.eu-west-1.amazonaws.com/motorvehicle/78382/1764857981_uLNko0.jpg, https://cca-web-public.s3.eu-west-1.amazonaws.com/motorvehicle/78382/1764857982_iNmUwq.jpg, https://cca-web-public.s3.eu-west-1.amazonaws.com/motorvehicle/78382/1764857982_KktdtD.jpg, https://cca-web-public.s3.eu-west-1.amazonaws.com/motorvehicle/78382/1764857982_HclTEF.jpg, https://cca-web-public.s3.eu-west-1.amazonaws.com/motorvehicle/78382/1764857982_Vukn3d.jpg, https://cca-web-public.s3.eu-west-1.amazonaws.com/motorvehicle/78382/1764858447_PoasOV.jpg, https://cca-web-public.s3.eu-west-1.amazonaws.com/motorvehicle/78382/1764858456_A9ox04.jpg, https://cca-web-public.s3.eu-west-1.amazonaws.com/motorvehicle/78382/1764858472_fEm7EX.jpg, https://cca-web-public.s3.eu-west-1.amazonaws.com/motorvehicle/78382/1764858478_ZQ3WyT.jpg, https://cca-web-public.s3.eu-west-1.amazonaws.com/motorvehicle/78382/1764858523_d1Bggu.jpg, https://cca-web-public.s3.eu-west-1.amazonaws.com/motorvehicle/78382/1764858533_AFQ0SV.jpg, https://cca-web-public.s3.eu-west-1.amazonaws.com/motorvehicle/78382/1764858439_p4p5UM.jpg, https://cca-web-public.s3.eu-west-1.amazonaws.com/motorvehicle/78382/images/1764858439_p4p5UM.jpg, https://cca-web-public.s3.eu-west-1.amazonaws.com/motorvehicle/78382/1764857978_VXs5MW.jpg, https://cca-web-public.s3.eu-west-1.amazonaws.com/motorvehicle/78382/1764857978_bLygEs.jpg, /layout/namagrades/3.jpg"
BMW X2					sDrive 20i Sport 5dr Step Auto,BMW,X2,sDrive 20i Sport 5dr Step Auto,Hatchback,,Glasgow,Met Mineral Grey,,G2-075847,5,,Petrol,Petrol,AUTOMATIC,AUTOMATIC,,2.0,,No,76878,Yes,3,,"£5,375, £5,375, £5,350, £5,300, £5,250, £5,200, £5,150, £5,100, £5,050, £5,000, £4,950, £4,900, £4,850, £4,800, £4,700, £4,600, £4,500, £4,400, £4,300, £4,200, £4,100, £4,000",5375,sold,,,,,,,,,"£13,167",,,8/12/2025,13:30,,12/8/2026,,,Aug-19,Present,FB19LBP,Yes,,,,,,https://www.centralcarauctions.com/motorvehicleinspectionreport/standard/75847.pdf,,,,2,"Tyre NSF||OK, Tyre OSF||OK, Tyre NSR||OK, Tyre OSR||OK, Spare Tyre||","Bonnet|Chipped|1 To 5, Bumper Front|Poor Previous Repair|Poor Paint, Wing nsf|Dented|Between 10mm + 30mm",,,,,"{'Category': {'Cat': '', 'Info': 'x5 Service InvoicesSpare Key \t\t\t\t\t1 iDrive entry'}}",,,,,"https://cca-web-public.s3.eu-west-1.amazonaws.com/motorvehicle/75847/1764242264_bIsslN.jpg, https://cca-web-public.s3.eu-west-1.amazonaws.com/motorvehicle/75847/1764242265_R0m993.jpg, https://cca-web-public.s3.eu-west-1.amazonaws.com/motorvehicle/75847/1764242265_NAECet.jpg, https://cca-web-public.s3.eu-west-1.amazonaws.com/motorvehicle/75847/1764242265_ZFfY5z.jpg, https://cca-web-public.s3.eu-west-1.amazonaws.com/motorvehicle/75847/1764242265_sTWmeO.jpg, https://cca-web-public.s3.eu-west-1.amazonaws.com/motorvehicle/75847/1764242265_vQSf4i.jpg, https://cca-web-public.s3.eu-west-1.amazonaws.com/motorvehicle/75847/1764242265_XPjMcE.jpg, https://cca-web-public.s3.eu-west-1.amazonaws.com/motorvehicle/75847/1764242266_yJ61pU.jpg, https://cca-web-public.s3.eu-west-1.amazonaws.com/motorvehicle/75847/1764242266_vfZQhL.jpg, https://cca-web-public.s3.eu-west-1.amazonaws.com/motorvehicle/75847/1764242266_y6NskX.jpg, https://cca-web-public.s3.eu-west-1.amazonaws.com/motorvehicle/75847/1764242266_71GV4s.jpg, https://cca-web-public.s3.eu-west-1.amazonaws.com/motorvehicle/75847/1764242266_clpVZQ.jpg, https://cca-web-public.s3.eu-west-1.amazonaws.com/motorvehicle/75847/1764242266_q0nEQa.jpg, https://cca-web-public.s3.eu-west-1.amazonaws.com/motorvehicle/75847/1764242267_HmWAgy.jpg, https://cca-web-public.s3.eu-west-1.amazonaws.com/motorvehicle/75847/1764242267_oPj4Vd.jpg, https://cca-web-public.s3.eu-west-1.amazonaws.com/motorvehicle/75847/1764242267_59nLvX.jpg, https://cca-web-public.s3.eu-west-1.amazonaws.com/motorvehicle/75847/1764242267_uLpaov.jpg, https://cca-web-public.s3.eu-west-1.amazonaws.com/motorvehicle/75847/1764242267_9TZBy5.jpg, https://cca-web-public.s3.eu-west-1.amazonaws.com/motorvehicle/75847/1764242267_TwoLZN.jpg, https://cca-web-public.s3.eu-west-1.amazonaws.com/motorvehicle/75847/1764242268_2bLdXA.jpg, https://cca-web-public.s3.eu-west-1.amazonaws.com/motorvehicle/75847/1764242268_VJ6LC2.jpg, https://cca-web-public.s3.eu-west-1.amazonaws.com/motorvehicle/75847/1764244977_KnVv6i.jpg, https://cca-web-public.s3.eu-west-1.amazonaws.com/motorvehicle/75847/1764244988_3TvKnd.jpg, https://cca-web-public.s3.eu-west-1.amazonaws.com/motorvehicle/75847/1764245051_blCgBj.jpg, https://cca-web-public.s3.eu-west-1.amazonaws.com/motorvehicle/75847/1764245072_WYY5Ex.jpg, https://cca-web-public.s3.eu-west-1.amazonaws.com/motorvehicle/75847/1764245085_mBTVMG.jpg, https://cca-web-public.s3.eu-west-1.amazonaws.com/motorvehicle/75847/1764245095_apGSbi.jpg, https://cca-web-public.s3.eu-west-1.amazonaws.com/motorvehicle/75847/1764245646_wKoxv8.jpg, https://cca-web-public.s3.eu-west-1.amazonaws.com/motorvehicle/75847/1764244786_4Jrlis.jpg, https://cca-web-public.s3.eu-west-1.amazonaws.com/motorvehicle/75847/images/1764244786_4Jrlis.jpg, https://cca-web-public.s3.eu-west-1.amazonaws.com/motorvehicle/75847/1764242264_bIsslN.jpg, https://cca-web-public.s3.eu-west-1.amazonaws.com/motorvehicle/75847/1764242265_R0m993.jpg, /layout/namagrades/2.jpg"
AUDI Q2					1.4 TFSI Sport 5dr,AUDI,Q2,1.4 TFSI Sport 5dr,Estate,,Glasgow,Met Tango RED,,G2-077370,,,Petrol,Petrol,MANUAL,MANUAL,,1.4,,No,77167,Yes,3,,"£8,950, £8,950, £8,900, £8,850, £8,800, £8,750, £8,700, £8,650, £8,600, £8,550, £8,500, £8,450, £8,400, £8,350, £8,300, £8,250, £8,200, £8,150, £8,100, £8,050, £8,000, £7,950, £7,900, £7,850, £7,800, £7,750, £7,700, £7,650, £7,600, £7,550, £7,500, £7,450, £7,400, £7,350, £7,300, £7,250, £7,200, £7,150, £7,100, £7,050, £7,000, £6,950, £6,900, £6,800, £6,700, £6,600, £6,500",8950,sold,,,,,,,,,"£11,059",,,8/12/2025,13:30,,18/08/2026,,,Sep-17,Present,ST67CXB,Yes,,,,,,https://www.centralcarauctions.com/motorvehicleinspectionreport/standard/77370.pdf,,,,3,"Tyre NSF||OK, Tyre OSF||OK, Tyre NSR||OK, Tyre OSR||OK, Spare Tyre||","Seat Back Cover osr|Scuffed|Over 25mm, Bumper Front|Cracked|UpTo 25mm, Wheel nsf|Scratched|Over 50mm, Door nsf|Dented|Over 30mm, Seat Back Cover nsr|Scuffed|UpTo 25mm, Tailgate|Dented|Between 10mm + 30mm, Lamp osr|Broken|Replace, Door osr|Dented|Between 10mm + 30mm",,,,,"{'Category': {'Cat': '', 'Info': 'SPARE KEY/ SD CARD'}}",,,,,"https://cca-web-public.s3.eu-west-1.amazonaws.com/motorvehicle/77370/1764678833_TRmmLp.jpg, https://cca-web-public.s3.eu-west-1.amazonaws.com/motorvehicle/77370/1764678833_MPiuXk.jpg, https://cca-web-public.s3.eu-west-1.amazonaws.com/motorvehicle/77370/1764678834_kqWWFF.jpg, https://cca-web-public.s3.eu-west-1.amazonaws.com/motorvehicle/77370/1764678834_CxD1FP.jpg, https://cca-web-public.s3.eu-west-1.amazonaws.com/motorvehicle/77370/1764678834_ebzHKe.jpg, https://cca-web-public.s3.eu-west-1.amazonaws.com/motorvehicle/77370/1764678834_FIbpvZ.jpg, https://cca-web-public.s3.eu-west-1.amazonaws.com/motorvehicle/77370/1764678834_U4xJ7h.jpg, https://cca-web-public.s3.eu-west-1.amazonaws.com/motorvehicle/77370/1764678835_bIqe23.jpg, https://cca-web-public.s3.eu-west-1.amazonaws.com/motorvehicle/77370/1764678835_x4c2PG.jpg, https://cca-web-public.s3.eu-west-1.amazonaws.com/motorvehicle/77370/1764678835_N2riT1.jpg, https://cca-web-public.s3.eu-west-1.amazonaws.com/motorvehicle/77370/1764678835_zmADYq.jpg, https://cca-web-public.s3.eu-west-1.amazonaws.com/motorvehicle/77370/1764678836_3QROH9.jpg, https://cca-web-public.s3.eu-west-1.amazonaws.com/motorvehicle/77370/1764678836_srLVQO.jpg, https://cca-web-public.s3.eu-west-1.amazonaws.com/motorvehicle/77370/1764678836_ow4QvS.jpg, https://cca-web-public.s3.eu-west-1.amazonaws.com/motorvehicle/77370/1764678836_T5WHcF.jpg, https://cca-web-public.s3.eu-west-1.amazonaws.com/motorvehicle/77370/1764678837_JViHXu.jpg, https://cca-web-public.s3.eu-west-1.amazonaws.com/motorvehicle/77370/1764678837_uS11y7.jpg, https://cca-web-public.s3.eu-west-1.amazonaws.com/motorvehicle/77370/1764678837_bmoOMQ.jpg, https://cca-web-public.s3.eu-west-1.amazonaws.com/motorvehicle/77370/1764678837_zU4uZe.jpg, https://cca-web-public.s3.eu-west-1.amazonaws.com/motorvehicle/77370/1764678838_ImcFA0.jpg, https://cca-web-public.s3.eu-west-1.amazonaws.com/motorvehicle/77370/1764678838_oNHvoW.jpg, https://cca-web-public.s3.eu-west-1.amazonaws.com/motorvehicle/77370/1764755028_sGKvqi.jpg, https://cca-web-public.s3.eu-west-1.amazonaws.com/motorvehicle/77370/1764755035_7ILWgk.jpg, https://cca-web-public.s3.eu-west-1.amazonaws.com/motorvehicle/77370/1764755134_13wM3S.jpg, https://cca-web-public.s3.eu-west-1.amazonaws.com/motorvehicle/77370/1764755047_AP1aNx.jpg, https://cca-web-public.s3.eu-west-1.amazonaws.com/motorvehicle/77370/1764755100_n8mS6S.jpg, https://cca-web-public.s3.eu-west-1.amazonaws.com/motorvehicle/77370/1764755110_63vdiD.jpg, https://cca-web-public.s3.eu-west-1.amazonaws.com/motorvehicle/77370/1764755227_p5TxB9.jpg, https://cca-web-public.s3.eu-west-1.amazonaws.com/motorvehicle/77370/1764754955_HyclLG.jpg, https://cca-web-public.s3.eu-west-1.amazonaws.com/motorvehicle/77370/images/1764754955_HyclLG.jpg, https://cca-web-public.s3.eu-west-1.amazonaws.com/motorvehicle/77370/1764678833_TRmmLp.jpg, https://cca-web-public.s3.eu-west-1.amazonaws.com/motorvehicle/77370/1764678833_MPiuXk.jpg, /layout/namagrades/3.jpg"
VAUXHALL ADAM HATCHBACK SPECIAL EDS					1.2i Energised 3dr,VAUXHALL,ADAM,HATCHBACK SPECIAL EDS 1.2i Energised 3dr,Hatchback,,Glasgow,BLACK,,G2-077057,3,,Petrol,Petrol,MANUAL,MANUAL,,1.2,,No,50398,Yes,3,,"£9,550, £9,550, £9,500, £9,450, £9,400, £9,350, £9,300, £9,200, £9,100, £9,000, £8,900, £8,800",9550,provisionally,,,,,,,,,,,,8/12/2025,13:30,,6/4/2026,,,May-19,Present,SO19ORN,Yes,,,,,,https://www.centralcarauctions.com/motorvehicleinspectionreport/standard/77057.pdf,,,,3,"Tyre NSF||OK, Tyre OSF||OK, Tyre NSR||OK, Tyre OSR||OK, Spare Tyre||","Qtr Panel nsr|Poor Previous Repair|Rippled UpTo 30%, Qtr Panel osr|Dented|Over 30mm, Bumper Front|Dented|With Paint Damage",,,,,"{'Category': {'Cat': '', 'Info': 'SPARE KEY'}}",,,,,"https://cca-web-public.s3.eu-west-1.amazonaws.com/motorvehicle/77057/1764590140_UwhOcU.jpg, https://cca-web-public.s3.eu-west-1.amazonaws.com/motorvehicle/77057/1764590140_z9HPUb.jpg, https://cca-web-public.s3.eu-west-1.amazonaws.com/motorvehicle/77057/1764590140_fhqMR2.jpg, https://cca-web-public.s3.eu-west-1.amazonaws.com/motorvehicle/77057/1764590140_YVMgVk.jpg, https://cca-web-public.s3.eu-west-1.amazonaws.com/motorvehicle/77057/1764590140_fTewCU.jpg, https://cca-web-public.s3.eu-west-1.amazonaws.com/motorvehicle/77057/1764590141_odlI2h.jpg, https://cca-web-public.s3.eu-west-1.amazonaws.com/motorvehicle/77057/1764590141_1D16DB.jpg, https://cca-web-public.s3.eu-west-1.amazonaws.com/motorvehicle/77057/1764590141_0rRT34.jpg, https://cca-web-public.s3.eu-west-1.amazonaws.com/motorvehicle/77057/1764590141_afz5mh.jpg, https://cca-web-public.s3.eu-west-1.amazonaws.com/motorvehicle/77057/1764590141_cGe802.jpg, https://cca-web-public.s3.eu-west-1.amazonaws.com/motorvehicle/77057/1764590141_vY5U1W.jpg, https://cca-web-public.s3.eu-west-1.amazonaws.com/motorvehicle/77057/1764590142_p4MDwC.jpg, https://cca-web-public.s3.eu-west-1.amazonaws.com/motorvehicle/77057/1764590142_hG5tEo.jpg, https://cca-web-public.s3.eu-west-1.amazonaws.com/motorvehicle/77057/1764590142_n2V5Pt.jpg, https://cca-web-public.s3.eu-west-1.amazonaws.com/motorvehicle/77057/1764590142_CTjOUX.jpg, https://cca-web-public.s3.eu-west-1.amazonaws.com/motorvehicle/77057/1764590142_7uUCPo.jpg, https://cca-web-public.s3.eu-west-1.amazonaws.com/motorvehicle/77057/1764590142_rRPsO0.jpg, https://cca-web-public.s3.eu-west-1.amazonaws.com/motorvehicle/77057/1764590143_65J8Q6.jpg, https://cca-web-public.s3.eu-west-1.amazonaws.com/motorvehicle/77057/1764590143_1Cab7j.jpg, https://cca-web-public.s3.eu-west-1.amazonaws.com/motorvehicle/77057/1764590143_w5pcAa.jpg, https://cca-web-public.s3.eu-west-1.amazonaws.com/motorvehicle/77057/1764591588_0Bisa8.jpg, https://cca-web-public.s3.eu-west-1.amazonaws.com/motorvehicle/77057/1764591593_QD5lSW.jpg, https://cca-web-public.s3.eu-west-1.amazonaws.com/motorvehicle/77057/1764591604_oW365I.jpg, https://cca-web-public.s3.eu-west-1.amazonaws.com/motorvehicle/77057/1764591626_qJezDk.jpg, https://cca-web-public.s3.eu-west-1.amazonaws.com/motorvehicle/77057/1764591640_YmMw3C.jpg, https://cca-web-public.s3.eu-west-1.amazonaws.com/motorvehicle/77057/1764591651_yU8ONK.jpg, https://cca-web-public.s3.eu-west-1.amazonaws.com/motorvehicle/77057/1764591574_5lXRTU.jpg, https://cca-web-public.s3.eu-west-1.amazonaws.com/motorvehicle/77057/images/1764591574_5lXRTU.jpg, https://cca-web-public.s3.eu-west-1.amazonaws.com/motorvehicle/77057/1764590140_UwhOcU.jpg, https://cca-web-public.s3.eu-west-1.amazonaws.com/motorvehicle/77057/1764590140_z9HPUb.jpg, /layout/namagrades/3.jpg"
MINI HATCHBACK					1.5 Cooper Sport II 3dr,MINI,HATCHBACK,1.5 Cooper Sport II 3dr,Hatchback,,Glasgow,BLACK,,G2-077374,3,,Petrol,Petrol,MANUAL,MANUAL,,1.5,,No,30582,Yes,2,,"£7,050, £7,050, £7,000, £6,950, £6,900, £6,850, £6,800, £6,750, £6,700, £6,650, £6,600, £6,500, £6,400, £6,300, £6,200, £6,100, £6,000",7050,provisionally,,,,,,,,,"£14,036",,,8/12/2025,13:30,,14/01/2026,,,Nov-19,Photocopy,SH69HUO,Yes,,,,,,https://www.centralcarauctions.com/motorvehicleinspectionreport/standard/77374.pdf,,,,3,"Tyre NSF||Damaged, Tyre OSF||Worn, Tyre NSR||OK, Tyre OSR||OK, Spare Tyre||","Door nsf|Dented|Over 30mm, Wheel osf|Scratched|Over 50mm, Wheel nsf|Damaged|Replace, Tailgate|Dented|Between 10mm + 30mm",,,,,"{'Category': {'Cat': '', 'Info': '3 i-drive entries'}}",,,,,"https://cca-web-public.s3.eu-west-1.amazonaws.com/motorvehicle/77374/1764678874_TL1zso.jpg, https://cca-web-public.s3.eu-west-1.amazonaws.com/motorvehicle/77374/1764678874_0WCMoh.jpg, https://cca-web-public.s3.eu-west-1.amazonaws.com/motorvehicle/77374/1764678875_BDjJX6.jpg, https://cca-web-public.s3.eu-west-1.amazonaws.com/motorvehicle/77374/1764678875_tHdxqo.jpg, https://cca-web-public.s3.eu-west-1.amazonaws.com/motorvehicle/77374/1764678875_TryoXr.jpg, https://cca-web-public.s3.eu-west-1.amazonaws.com/motorvehicle/77374/1764678875_4l7Rb7.jpg, https://cca-web-public.s3.eu-west-1.amazonaws.com/motorvehicle/77374/1764678875_r5IZTA.jpg, https://cca-web-public.s3.eu-west-1.amazonaws.com/motorvehicle/77374/1764678876_KYGQSB.jpg, https://cca-web-public.s3.eu-west-1.amazonaws.com/motorvehicle/77374/1764678876_zjJ6QD.jpg, https://cca-web-public.s3.eu-west-1.amazonaws.com/motorvehicle/77374/1764678876_iUnMRM.jpg, https://cca-web-public.s3.eu-west-1.amazonaws.com/motorvehicle/77374/1764678876_zhMDmH.jpg, https://cca-web-public.s3.eu-west-1.amazonaws.com/motorvehicle/77374/1764678876_NJTL7e.jpg, https://cca-web-public.s3.eu-west-1.amazonaws.com/motorvehicle/77374/1764678877_PLZZ3R.jpg, https://cca-web-public.s3.eu-west-1.amazonaws.com/motorvehicle/77374/1764678877_ndtLsK.jpg, https://cca-web-public.s3.eu-west-1.amazonaws.com/motorvehicle/77374/1764678877_0xw1sN.jpg, https://cca-web-public.s3.eu-west-1.amazonaws.com/motorvehicle/77374/1764678877_Gkh3NP.jpg, https://cca-web-public.s3.eu-west-1.amazonaws.com/motorvehicle/77374/1764678877_RQcw6y.jpg, https://cca-web-public.s3.eu-west-1.amazonaws.com/motorvehicle/77374/1764678878_JHW6yR.jpg, https://cca-web-public.s3.eu-west-1.amazonaws.com/motorvehicle/77374/1764678878_E5q5wH.jpg, https://cca-web-public.s3.eu-west-1.amazonaws.com/motorvehicle/77374/1764678878_9oT0y3.jpg, https://cca-web-public.s3.eu-west-1.amazonaws.com/motorvehicle/77374/1764678878_rNTEJm.jpg, https://cca-web-public.s3.eu-west-1.amazonaws.com/motorvehicle/77374/1764755887_qWQhT8.jpg, https://cca-web-public.s3.eu-west-1.amazonaws.com/motorvehicle/77374/1764755893_sAlAgg.jpg, https://cca-web-public.s3.eu-west-1.amazonaws.com/motorvehicle/77374/1764755903_R1w36J.jpg, https://cca-web-public.s3.eu-west-1.amazonaws.com/motorvehicle/77374/1764755931_LXp2aT.jpg, https://cca-web-public.s3.eu-west-1.amazonaws.com/motorvehicle/77374/1764755939_wQg7kQ.jpg, https://cca-web-public.s3.eu-west-1.amazonaws.com/motorvehicle/77374/1764755949_f8S7Qi.jpg, https://cca-web-public.s3.eu-west-1.amazonaws.com/motorvehicle/77374/1764755746_ltY74C.jpg, https://cca-web-public.s3.eu-west-1.amazonaws.com/motorvehicle/77374/1764755735_BeHCEe.jpg, https://cca-web-public.s3.eu-west-1.amazonaws.com/motorvehicle/77374/images/1764755735_BeHCEe.jpg, https://cca-web-public.s3.eu-west-1.amazonaws.com/motorvehicle/77374/1764678874_TL1zso.jpg, https://cca-web-public.s3.eu-west-1.amazonaws.com/motorvehicle/77374/1764678874_0WCMoh.jpg, /layout/namagrades/3.jpg"
JAGUAR XE					2.0 Ingenium R-Sport 4dr Auto,JAGUAR,XE,2.0 Ingenium R-Sport 4dr Auto,Saloon,,Glasgow,RED,,G2-076311,4,,Petrol,Petrol,AUTOMATIC,AUTOMATIC,,2.0,,No,45814,Yes,2,,"£9,350, £9,350, £9,300, £9,250, £9,200, £9,150, £9,100, £9,050, £9,000, £8,950, £8,900, £8,800, £8,700, £8,600, £8,500, £8,400",9350,provisionally,,,,,,,,,"£13,601",,,8/12/2025,13:30,,16/10/2026,,,Sep-18,Present,MK68DZC,Yes,,,,,,https://www.centralcarauctions.com/motorvehicleinspectionreport/standard/76311.pdf,,,,3,"Tyre NSF||OK, Tyre OSF||OK, Tyre NSR||OK, Tyre OSR||OK, Spare Tyre||","Bumper Front|Poor Previous Repair|Paint Flake, Bonnet|Dented|2 Or Less UpTo 10mm, Door nsf|Scratched|UpTo 25mm Thru Paint, Handle Outer nsr|Scratched (Painted)|Over 25mm Thru Paint, Qtr Panel nsr|Scratched|UpTo 25mm Thru Paint, Bumper Rear|Poor Previous Repair|Paint Flake, Wheel nsr|Corroded|Light, Door osf|Chipped|1 To 5, Door nsr|Dented|Over 30mm",,,,,"{'Category': {'Cat': '', 'Info': 'Spare Keyx1 Service Invoice'}}",,,,,"https://cca-web-public.s3.eu-west-1.amazonaws.com/motorvehicle/76311/1763983871_agj05N.jpg, https://cca-web-public.s3.eu-west-1.amazonaws.com/motorvehicle/76311/1763983871_oao2Ix.jpg, https://cca-web-public.s3.eu-west-1.amazonaws.com/motorvehicle/76311/1763983871_RWjdbZ.jpg, https://cca-web-public.s3.eu-west-1.amazonaws.com/motorvehicle/76311/1763983871_pga67F.jpg, https://cca-web-public.s3.eu-west-1.amazonaws.com/motorvehicle/76311/1763983872_Sm5K95.jpg, https://cca-web-public.s3.eu-west-1.amazonaws.com/motorvehicle/76311/1763983872_Vh519b.jpg, https://cca-web-public.s3.eu-west-1.amazonaws.com/motorvehicle/76311/1763983872_StDkyo.jpg, https://cca-web-public.s3.eu-west-1.amazonaws.com/motorvehicle/76311/1763983872_0ZUJPl.jpg, https://cca-web-public.s3.eu-west-1.amazonaws.com/motorvehicle/76311/1763983872_zC5HtL.jpg, https://cca-web-public.s3.eu-west-1.amazonaws.com/motorvehicle/76311/1763983873_5fLEck.jpg, https://cca-web-public.s3.eu-west-1.amazonaws.com/motorvehicle/76311/1763983873_6Kpo0k.jpg, https://cca-web-public.s3.eu-west-1.amazonaws.com/motorvehicle/76311/1763983873_hlzUcZ.jpg, https://cca-web-public.s3.eu-west-1.amazonaws.com/motorvehicle/76311/1763983873_c5pwLj.jpg, https://cca-web-public.s3.eu-west-1.amazonaws.com/motorvehicle/76311/1763983873_61964w.jpg, https://cca-web-public.s3.eu-west-1.amazonaws.com/motorvehicle/76311/1763983874_3iXRvQ.jpg, https://cca-web-public.s3.eu-west-1.amazonaws.com/motorvehicle/76311/1763983874_OhyYMw.jpg, https://cca-web-public.s3.eu-west-1.amazonaws.com/motorvehicle/76311/1763983874_3YTj7H.jpg, https://cca-web-public.s3.eu-west-1.amazonaws.com/motorvehicle/76311/1763983874_E34BS4.jpg, https://cca-web-public.s3.eu-west-1.amazonaws.com/motorvehicle/76311/1763983874_bhgyLc.jpg, https://cca-web-public.s3.eu-west-1.amazonaws.com/motorvehicle/76311/1763983875_i8bpjG.jpg, https://cca-web-public.s3.eu-west-1.amazonaws.com/motorvehicle/76311/1763983875_WXVGnY.jpg, https://cca-web-public.s3.eu-west-1.amazonaws.com/motorvehicle/76311/1763997789_z0eLS6.jpg, https://cca-web-public.s3.eu-west-1.amazonaws.com/motorvehicle/76311/1763997811_KPwAtS.jpg, https://cca-web-public.s3.eu-west-1.amazonaws.com/motorvehicle/76311/1763997833_r3uS51.jpg, https://cca-web-public.s3.eu-west-1.amazonaws.com/motorvehicle/76311/1763997859_0WdVoZ.jpg, https://cca-web-public.s3.eu-west-1.amazonaws.com/motorvehicle/76311/1763997872_59kgoA.jpg, https://cca-web-public.s3.eu-west-1.amazonaws.com/motorvehicle/76311/1763997885_PJ6Wth.jpg, https://cca-web-public.s3.eu-west-1.amazonaws.com/motorvehicle/76311/1763997743_u9JnVg.jpg, https://cca-web-public.s3.eu-west-1.amazonaws.com/motorvehicle/76311/images/1763997743_u9JnVg.jpg, https://cca-web-public.s3.eu-west-1.amazonaws.com/motorvehicle/76311/1763983871_agj05N.jpg, https://cca-web-public.s3.eu-west-1.amazonaws.com/motorvehicle/76311/1763983871_oao2Ix.jpg, /layout/namagrades/3.jpg"
VAUXHALL CORSA					1.2 Elite Edition 5dr,VAUXHALL,CORSA,1.2 Elite Edition 5dr,Hatchback,,Birtley,BLACK,,B2-077023,5,,Petrol,Petrol,MANUAL,MANUAL,,1.2,,No,73640,Yes,2,,"£11,050, £11,050, £11,000, £10,950, £10,900, £10,850, £10,800, £10,750, £10,700, £10,650, £10,600, £10,550, £10,500, £10,400, £10,300, £10,200, £10,100, £10,000, £9,900, £9,800, £9,700, £9,600, £9,500",11050,,,,,,,,,,"£9,307",,,8/12/2025,13:30,,21/06/2026,,,Jun-22,Present,DN22UYD,Yes,,,,,,https://www.centralcarauctions.com/motorvehicleinspectionreport/standard/77023.pdf,,,,3,"Tyre NSF||OK, Tyre OSF||OK, Tyre NSR||OK, Tyre OSR||OK, Spare Tyre||","Door nsf|Dented|Over 30mm, Bumper Rear|Scratched|25 to 100mm Thru Paint, Door nsr|Dented|Over 30mm, Wing osf|Scratched|UpTo 25mm Thru Paint",,,,,"{'Category': {'Cat': '', 'Info': 'SPARE KEY'}}",,,,,"https://cca-web-public.s3.eu-west-1.amazonaws.com/motorvehicle/77023/1764248706_3g0iZR.jpg, https://cca-web-public.s3.eu-west-1.amazonaws.com/motorvehicle/77023/1764248707_4JUzFW.jpg, https://cca-web-public.s3.eu-west-1.amazonaws.com/motorvehicle/77023/1764248707_mvkGkR.jpg, https://cca-web-public.s3.eu-west-1.amazonaws.com/motorvehicle/77023/1764248708_afXVKM.jpg, https://cca-web-public.s3.eu-west-1.amazonaws.com/motorvehicle/77023/1764248708_t0FsDY.jpg, https://cca-web-public.s3.eu-west-1.amazonaws.com/motorvehicle/77023/1764248709_jocuVM.jpg, https://cca-web-public.s3.eu-west-1.amazonaws.com/motorvehicle/77023/1764248709_zEfnu7.jpg, https://cca-web-public.s3.eu-west-1.amazonaws.com/motorvehicle/77023/1764248711_OliOvd.jpg, https://cca-web-public.s3.eu-west-1.amazonaws.com/motorvehicle/77023/1764248711_sWXY3L.jpg, https://cca-web-public.s3.eu-west-1.amazonaws.com/motorvehicle/77023/1764248711_cJWt1X.jpg, https://cca-web-public.s3.eu-west-1.amazonaws.com/motorvehicle/77023/1764248712_idp0jN.jpg, https://cca-web-public.s3.eu-west-1.amazonaws.com/motorvehicle/77023/1764248713_ULYl50.jpg, https://cca-web-public.s3.eu-west-1.amazonaws.com/motorvehicle/77023/1764248713_WPdrIV.jpg, https://cca-web-public.s3.eu-west-1.amazonaws.com/motorvehicle/77023/1764248713_WEspVf.jpg, https://cca-web-public.s3.eu-west-1.amazonaws.com/motorvehicle/77023/1764248714_sBLb8a.jpg, https://cca-web-public.s3.eu-west-1.amazonaws.com/motorvehicle/77023/1764248714_H4GZfq.jpg, https://cca-web-public.s3.eu-west-1.amazonaws.com/motorvehicle/77023/1764248715_9YL3Wt.jpg, https://cca-web-public.s3.eu-west-1.amazonaws.com/motorvehicle/77023/1764248715_etrMDl.jpg, https://cca-web-public.s3.eu-west-1.amazonaws.com/motorvehicle/77023/1764248715_MtlJkX.jpg, https://cca-web-public.s3.eu-west-1.amazonaws.com/motorvehicle/77023/1764248716_5ZLRw4.jpg, https://cca-web-public.s3.eu-west-1.amazonaws.com/motorvehicle/77023/1764248716_Q8H2hk.jpg, https://cca-web-public.s3.eu-west-1.amazonaws.com/motorvehicle/77023/1764245569_RUrkRi.jpg, https://cca-web-public.s3.eu-west-1.amazonaws.com/motorvehicle/77023/1764245579_eC4NWD.jpg, https://cca-web-public.s3.eu-west-1.amazonaws.com/motorvehicle/77023/1764245584_P0ca8d.jpg, https://cca-web-public.s3.eu-west-1.amazonaws.com/motorvehicle/77023/1764245594_4ijbK6.jpg, https://cca-web-public.s3.eu-west-1.amazonaws.com/motorvehicle/77023/1764245608_Vh5b7c.jpg, https://cca-web-public.s3.eu-west-1.amazonaws.com/motorvehicle/77023/1764245615_TvUQYW.jpg, https://cca-web-public.s3.eu-west-1.amazonaws.com/motorvehicle/77023/1764245518_lssAVq.jpg, https://cca-web-public.s3.eu-west-1.amazonaws.com/motorvehicle/77023/images/1764245518_lssAVq.jpg, https://cca-web-public.s3.eu-west-1.amazonaws.com/motorvehicle/77023/1764248706_3g0iZR.jpg, https://cca-web-public.s3.eu-west-1.amazonaws.com/motorvehicle/77023/1764248707_4JUzFW.jpg, /layout/namagrades/3.jpg"
MAZDA 6					2.0 Sport Nav+ 4dr,MAZDA,6 2.0 Sport,Nav+ 4dr,Saloon,,Glasgow,WHITE,,G2-077044,4,,Petrol,Petrol,MANUAL,MANUAL,,2.0,,No,55914,Yes,2,,"£5,000, £5,000, £4,975, £4,950, £4,925, £4,900, £4,850, £4,800, £4,750, £4,700, £4,650, £4,600, £4,500, £4,400, £4,300, £4,200, £4,100, £4,000",5000,sold,,,,,,,,,"£11,463",,,8/12/2025,13:30,,6/11/2026,,,Sep-18,Present,SF68UEC,Yes,,,,,,https://www.centralcarauctions.com/motorvehicleinspectionreport/standard/77044.pdf,,,,3,"Tyre NSF||OK, Tyre OSF||OK, Tyre NSR||OK, Tyre OSR||OK, Spare Tyre||","Bonnet|Chipped|Multiple Chips, Bumper Front|Poor Previous Repair|Paint Flake, Bumper Rear|Scratched|25 to 100mm Thru Paint, Door osf|Dented|Between 10mm + 30mm, Roof|Chipped|Multiple Chips",,,,,"{'Category': {'Cat': '', 'Info': 'x4 Digital Prints + x2 Service Invoices = 6 ServicesSPARE KEY / SD CARD'}}",,,,,"https://cca-web-public.s3.eu-west-1.amazonaws.com/motorvehicle/77044/1764331447_Y35zRj.jpg, https://cca-web-public.s3.eu-west-1.amazonaws.com/motorvehicle/77044/1764331447_7FTbTN.jpg, https://cca-web-public.s3.eu-west-1.amazonaws.com/motorvehicle/77044/1764331447_ZkNHmt.jpg, https://cca-web-public.s3.eu-west-1.amazonaws.com/motorvehicle/77044/1764331447_C1TAOb.jpg, https://cca-web-public.s3.eu-west-1.amazonaws.com/motorvehicle/77044/1764331447_6Icxxa.jpg, https://cca-web-public.s3.eu-west-1.amazonaws.com/motorvehicle/77044/1764331448_gpO1uN.jpg, https://cca-web-public.s3.eu-west-1.amazonaws.com/motorvehicle/77044/1764331448_3h0D9t.jpg, https://cca-web-public.s3.eu-west-1.amazonaws.com/motorvehicle/77044/1764331448_qWZ3u1.jpg, https://cca-web-public.s3.eu-west-1.amazonaws.com/motorvehicle/77044/1764331448_MtaxrB.jpg, https://cca-web-public.s3.eu-west-1.amazonaws.com/motorvehicle/77044/1764331448_MzWbim.jpg, https://cca-web-public.s3.eu-west-1.amazonaws.com/motorvehicle/77044/1764331449_82g1no.jpg, https://cca-web-public.s3.eu-west-1.amazonaws.com/motorvehicle/77044/1764331449_342sQy.jpg, https://cca-web-public.s3.eu-west-1.amazonaws.com/motorvehicle/77044/1764331449_PF9cvC.jpg, https://cca-web-public.s3.eu-west-1.amazonaws.com/motorvehicle/77044/1764331449_vg5w9N.jpg, https://cca-web-public.s3.eu-west-1.amazonaws.com/motorvehicle/77044/1764331449_gJjsnK.jpg, https://cca-web-public.s3.eu-west-1.amazonaws.com/motorvehicle/77044/1764331450_mpuckM.jpg, https://cca-web-public.s3.eu-west-1.amazonaws.com/motorvehicle/77044/1764331450_kck8Fu.jpg, https://cca-web-public.s3.eu-west-1.amazonaws.com/motorvehicle/77044/1764331450_ExeIq4.jpg, https://cca-web-public.s3.eu-west-1.amazonaws.com/motorvehicle/77044/1764331450_GJYKSp.jpg, https://cca-web-public.s3.eu-west-1.amazonaws.com/motorvehicle/77044/1764331450_1t7dzE.jpg, https://cca-web-public.s3.eu-west-1.amazonaws.com/motorvehicle/77044/1764334077_3Cl3tq.jpg, https://cca-web-public.s3.eu-west-1.amazonaws.com/motorvehicle/77044/1764334089_4bUQP6.jpg, https://cca-web-public.s3.eu-west-1.amazonaws.com/motorvehicle/77044/1764334099_N1ktZo.jpg, https://cca-web-public.s3.eu-west-1.amazonaws.com/motorvehicle/77044/1764334113_aSQbXE.jpg, https://cca-web-public.s3.eu-west-1.amazonaws.com/motorvehicle/77044/1764334127_TNIQsw.jpg, https://cca-web-public.s3.eu-west-1.amazonaws.com/motorvehicle/77044/1764334188_qSXpFj.jpg, https://cca-web-public.s3.eu-west-1.amazonaws.com/motorvehicle/77044/1764333842_qzGsDa.jpg, https://cca-web-public.s3.eu-west-1.amazonaws.com/motorvehicle/77044/images/1764333842_qzGsDa.jpg, https://cca-web-public.s3.eu-west-1.amazonaws.com/motorvehicle/77044/1764331447_Y35zRj.jpg, https://cca-web-public.s3.eu-west-1.amazonaws.com/motorvehicle/77044/1764331447_7FTbTN.jpg, /layout/namagrades/3.jpg"
FORD FOCUS					2.0T EcoBoost ST-2 5dr,FORD,FOCUS,2.0T EcoBoost ST-2 5dr,Hatchback,,Glasgow,BLUE,,G2-077380,5,,Petrol,Petrol,MANUAL,MANUAL,,2.0,,No,39719,Yes,3,,"£7,750, £7,750, £7,725, £7,700, £7,675, £7,650, £7,600, £7,550, £7,500, £7,450, £7,400, £7,300, £7,200, £7,100, £7,000",7750,provisionally,,,,,,,,,"£12,570",,,8/12/2025,13:30,,10/10/2026,,,Sep-15,Present,SW65VHD,,,,,,,https://www.centralcarauctions.com/motorvehicleinspectionreport/standard/77380.pdf,,,,4,"Tyre NSF||OK, Tyre OSF||OK, Tyre NSR||OK, Tyre OSR||OK, Spare Tyre||","Bonnet|Chipped|Multiple Chips, Bumper Front|Poor Previous Repair|Poor Paint, Qtr Panel nsr|Rusted|Over 5mm, Bumper Rear|Poor Previous Repair|Poor Paint, Qtr Panel osr|Rusted|Over 5mm, Door osf|Dented|Over 2 UpTo 10mm, Door osr|Dented|Over 2 UpTo 10mm",,,,,"{'Category': {'Cat': '', 'Info': 'Spare Key'}}",,,,,"https://cca-web-public.s3.eu-west-1.amazonaws.com/motorvehicle/77380/1764696037_izSlpQ.jpg, https://cca-web-public.s3.eu-west-1.amazonaws.com/motorvehicle/77380/1764696038_2lzPhJ.jpg, https://cca-web-public.s3.eu-west-1.amazonaws.com/motorvehicle/77380/1764696038_pQhJwK.jpg, https://cca-web-public.s3.eu-west-1.amazonaws.com/motorvehicle/77380/1764696038_31IlSw.jpg, https://cca-web-public.s3.eu-west-1.amazonaws.com/motorvehicle/77380/1764696038_P0BSuE.jpg, https://cca-web-public.s3.eu-west-1.amazonaws.com/motorvehicle/77380/1764696038_Ggolkx.jpg, https://cca-web-public.s3.eu-west-1.amazonaws.com/motorvehicle/77380/1764696039_mUfkuX.jpg, https://cca-web-public.s3.eu-west-1.amazonaws.com/motorvehicle/77380/1764696039_obd33C.jpg, https://cca-web-public.s3.eu-west-1.amazonaws.com/motorvehicle/77380/1764696039_lS9ZU6.jpg, https://cca-web-public.s3.eu-west-1.amazonaws.com/motorvehicle/77380/1764696039_fzpD0C.jpg, https://cca-web-public.s3.eu-west-1.amazonaws.com/motorvehicle/77380/1764696039_jc08tp.jpg, https://cca-web-public.s3.eu-west-1.amazonaws.com/motorvehicle/77380/1764696040_SKyoqo.jpg, https://cca-web-public.s3.eu-west-1.amazonaws.com/motorvehicle/77380/1764696040_OLgOyU.jpg, https://cca-web-public.s3.eu-west-1.amazonaws.com/motorvehicle/77380/1764696040_Rd8PlZ.jpg, https://cca-web-public.s3.eu-west-1.amazonaws.com/motorvehicle/77380/1764696040_JaRzQ2.jpg, https://cca-web-public.s3.eu-west-1.amazonaws.com/motorvehicle/77380/1764696040_mkUtMc.jpg, https://cca-web-public.s3.eu-west-1.amazonaws.com/motorvehicle/77380/1764696041_5hrTSy.jpg, https://cca-web-public.s3.eu-west-1.amazonaws.com/motorvehicle/77380/1764696041_T53yfN.jpg, https://cca-web-public.s3.eu-west-1.amazonaws.com/motorvehicle/77380/1764696041_Hu8fdB.jpg, https://cca-web-public.s3.eu-west-1.amazonaws.com/motorvehicle/77380/1764696041_Yc23YW.jpg, https://cca-web-public.s3.eu-west-1.amazonaws.com/motorvehicle/77380/1764696041_dy3kvT.jpg, https://cca-web-public.s3.eu-west-1.amazonaws.com/motorvehicle/77380/1764697239_IBcQ57.jpg, https://cca-web-public.s3.eu-west-1.amazonaws.com/motorvehicle/77380/1764697261_B4IR75.jpg, https://cca-web-public.s3.eu-west-1.amazonaws.com/motorvehicle/77380/1764697273_DSE6lE.jpg, https://cca-web-public.s3.eu-west-1.amazonaws.com/motorvehicle/77380/1764697285_hWuDHb.jpg, https://cca-web-public.s3.eu-west-1.amazonaws.com/motorvehicle/77380/1764697303_FxwB7Y.jpg, https://cca-web-public.s3.eu-west-1.amazonaws.com/motorvehicle/77380/1764697320_UqK517.jpg, https://cca-web-public.s3.eu-west-1.amazonaws.com/motorvehicle/77380/1764697212_JCuphp.jpg, https://cca-web-public.s3.eu-west-1.amazonaws.com/motorvehicle/77380/images/1764697212_JCuphp.jpg, https://cca-web-public.s3.eu-west-1.amazonaws.com/motorvehicle/77380/1764696037_izSlpQ.jpg, https://cca-web-public.s3.eu-west-1.amazonaws.com/motorvehicle/77380/1764696038_2lzPhJ.jpg, /layout/namagrades/4.jpg"
KIA PICANTO					1.25 2 5dr Auto,KIA,PICANTO,1.25 2 5dr Auto,Hatchback,,Glasgow,WHITE,,G2-077059,5,,Petrol,Petrol,AUTOMATIC,AUTOMATIC,,1.2,,No,29974,Yes,3,,"£10,750, £10,750, £10,700, £10,650, £10,600, £10,550, £10,500, £10,400, £10,300, £10,200, £10,100, £10,000, £9,900, £9,800, £9,700, £9,600, £9,500, £9,400",10750,sold,,,,,,,,,"£8,002",,,8/12/2025,13:30,,16/08/2026,,,Mar-15,Present,A10FDV,Yes,,,,,,https://www.centralcarauctions.com/motorvehicleinspectionreport/standard/77059.pdf,,,,4,"Tyre NSF||OK, Tyre OSF||OK, Tyre NSR||OK, Tyre OSR||OK, Spare Tyre||","Bonnet|Poor Previous Repair|Poor Paint, Bumper Front|Poor Previous Repair|Poor Paint, Wheel nsf|Scratched|Over 50mm, Roof|Poor Previous Repair|Poor Paint, Door nsf|Chipped|Edge Chip, Wheel nsr|Scratched|Over 50mm, Bumper Rear|Scratched|25 to 100mm Thru Paint, Tailgate|Poor Previous Repair|Rippled UpTo 30%, Qtr Panel osr|Poor Previous Repair|Poor Paint, Wheel osr|Corroded|Light, Door osr|Chipped|Edge Chip, Door osf|Dented|With Paint Damage, Wheel osf|Corroded|Light",,,,,"{'Category': {'Cat': '', 'Info': 'Spare KeyPlate with car, if changed would go onto 15 plate'}}",,,,,"https://cca-web-public.s3.eu-west-1.amazonaws.com/motorvehicle/77059/1764759970_H1G61t.jpg, https://cca-web-public.s3.eu-west-1.amazonaws.com/motorvehicle/77059/1764759970_xW4Tn9.jpg, https://cca-web-public.s3.eu-west-1.amazonaws.com/motorvehicle/77059/1764759970_K6SNLQ.jpg, https://cca-web-public.s3.eu-west-1.amazonaws.com/motorvehicle/77059/1764759970_hGQXqJ.jpg, https://cca-web-public.s3.eu-west-1.amazonaws.com/motorvehicle/77059/1764759971_LOJIyt.jpg, https://cca-web-public.s3.eu-west-1.amazonaws.com/motorvehicle/77059/1764759971_AY78no.jpg, https://cca-web-public.s3.eu-west-1.amazonaws.com/motorvehicle/77059/1764759971_cdF3Jw.jpg, https://cca-web-public.s3.eu-west-1.amazonaws.com/motorvehicle/77059/1764759971_07R41u.jpg, https://cca-web-public.s3.eu-west-1.amazonaws.com/motorvehicle/77059/1764759971_8DmDdr.jpg, https://cca-web-public.s3.eu-west-1.amazonaws.com/motorvehicle/77059/1764759972_juACfj.jpg, https://cca-web-public.s3.eu-west-1.amazonaws.com/motorvehicle/77059/1764759972_9YP8ie.jpg, https://cca-web-public.s3.eu-west-1.amazonaws.com/motorvehicle/77059/1764759972_gTpEDj.jpg, https://cca-web-public.s3.eu-west-1.amazonaws.com/motorvehicle/77059/1764759972_eizErB.jpg, https://cca-web-public.s3.eu-west-1.amazonaws.com/motorvehicle/77059/1764759972_vJZGMe.jpg, https://cca-web-public.s3.eu-west-1.amazonaws.com/motorvehicle/77059/1764759973_X15nQp.jpg, https://cca-web-public.s3.eu-west-1.amazonaws.com/motorvehicle/77059/1764759973_0x7A3W.jpg, https://cca-web-public.s3.eu-west-1.amazonaws.com/motorvehicle/77059/1764759973_WwQxng.jpg, https://cca-web-public.s3.eu-west-1.amazonaws.com/motorvehicle/77059/1764759973_Wmh4Oq.jpg, https://cca-web-public.s3.eu-west-1.amazonaws.com/motorvehicle/77059/1764759973_DBf6r5.jpg, https://cca-web-public.s3.eu-west-1.amazonaws.com/motorvehicle/77059/1764759974_LY0LPg.jpg, https://cca-web-public.s3.eu-west-1.amazonaws.com/motorvehicle/77059/1764759974_lLbny8.jpg, https://cca-web-public.s3.eu-west-1.amazonaws.com/motorvehicle/77059/1764760948_nyLoQQ.jpg, https://cca-web-public.s3.eu-west-1.amazonaws.com/motorvehicle/77059/1764760976_YZLe1o.jpg, https://cca-web-public.s3.eu-west-1.amazonaws.com/motorvehicle/77059/1764760981_nzc59m.jpg, https://cca-web-public.s3.eu-west-1.amazonaws.com/motorvehicle/77059/1764760989_Gva51c.jpg, https://cca-web-public.s3.eu-west-1.amazonaws.com/motorvehicle/77059/1764761008_hUC0xr.jpg, https://cca-web-public.s3.eu-west-1.amazonaws.com/motorvehicle/77059/1764761019_cCOBYu.jpg, https://cca-web-public.s3.eu-west-1.amazonaws.com/motorvehicle/77059/1764760920_7igOKb.jpg, https://cca-web-public.s3.eu-west-1.amazonaws.com/motorvehicle/77059/images/1764760920_7igOKb.jpg, https://cca-web-public.s3.eu-west-1.amazonaws.com/motorvehicle/77059/1764759970_H1G61t.jpg, https://cca-web-public.s3.eu-west-1.amazonaws.com/motorvehicle/77059/1764759970_xW4Tn9.jpg, /layout/namagrades/4.jpg"
TOYOTA AYGO					1.0 VVT-i X-Play 5dr,TOYOTA,AYGO,1.0 VVT-i X-Play 5dr,Hatchback,,Glasgow,RED,,G2-076498,5,,Petrol,Petrol,MANUAL,MANUAL,,1.0,,No,42471,Yes,3,,"£4,150, £4,150, £4,125, £4,100, £4,075, £4,050, £4,000, £3,950, £3,900, £3,800, £3,700, £3,600, £3,500",4150,provisionally,,,,,,,,,"£7,305",,,8/12/2025,13:30,,26/03/2026,,,Dec-18,Present,EJ68TNK,Yes,,,,,,https://www.centralcarauctions.com/motorvehicleinspectionreport/standard/76498.pdf,,,,3,"Tyre NSF||, Tyre OSF||, Tyre NSR||, Tyre OSR||, Spare Tyre||","Roof|Scratched|UpTo 25mm Thru Paint, Bumper Front|Poor Previous Repair|Poor Paint, Qtr Panel osr|Scratched|UpTo 25mm Thru Paint, Door osr|Scratched|UpTo 25mm Thru Paint, Door osf|Dented|Over 30mm",,,,,"{'Category': {'Cat': '', 'Info': 'Spare Keyx3 Digital Prints'}}",,,,,"https://cca-web-public.s3.eu-west-1.amazonaws.com/motorvehicle/76498/1764153175_FFLE4g.jpg, https://cca-web-public.s3.eu-west-1.amazonaws.com/motorvehicle/76498/1764153175_LpRBWo.jpg, https://cca-web-public.s3.eu-west-1.amazonaws.com/motorvehicle/76498/1764153175_xn3G2O.jpg, https://cca-web-public.s3.eu-west-1.amazonaws.com/motorvehicle/76498/1764153175_QsvRAL.jpg, https://cca-web-public.s3.eu-west-1.amazonaws.com/motorvehicle/76498/1764153176_GiXZuQ.jpg, https://cca-web-public.s3.eu-west-1.amazonaws.com/motorvehicle/76498/1764153176_5mR2Ca.jpg, https://cca-web-public.s3.eu-west-1.amazonaws.com/motorvehicle/76498/1764153176_Lc1f3D.jpg, https://cca-web-public.s3.eu-west-1.amazonaws.com/motorvehicle/76498/1764153176_sxwBDN.jpg, https://cca-web-public.s3.eu-west-1.amazonaws.com/motorvehicle/76498/1764153177_Dlzsuq.jpg, https://cca-web-public.s3.eu-west-1.amazonaws.com/motorvehicle/76498/1764153177_UuoRVs.jpg, https://cca-web-public.s3.eu-west-1.amazonaws.com/motorvehicle/76498/1764153177_mA1BiA.jpg, https://cca-web-public.s3.eu-west-1.amazonaws.com/motorvehicle/76498/1764153177_Fb8KQh.jpg, https://cca-web-public.s3.eu-west-1.amazonaws.com/motorvehicle/76498/1764153177_26xdnZ.jpg, https://cca-web-public.s3.eu-west-1.amazonaws.com/motorvehicle/76498/1764153177_ZxWRoL.jpg, https://cca-web-public.s3.eu-west-1.amazonaws.com/motorvehicle/76498/1764153178_qE2H6j.jpg, https://cca-web-public.s3.eu-west-1.amazonaws.com/motorvehicle/76498/1764153178_y982cz.jpg, https://cca-web-public.s3.eu-west-1.amazonaws.com/motorvehicle/76498/1764153178_XisUGF.jpg, https://cca-web-public.s3.eu-west-1.amazonaws.com/motorvehicle/76498/1764153178_DHlsjV.jpg, https://cca-web-public.s3.eu-west-1.amazonaws.com/motorvehicle/76498/1764153178_k1Qp2U.jpg, https://cca-web-public.s3.eu-west-1.amazonaws.com/motorvehicle/76498/1764153179_H3yZDL.jpg, https://cca-web-public.s3.eu-west-1.amazonaws.com/motorvehicle/76498/1764153179_ffodv5.jpg, https://cca-web-public.s3.eu-west-1.amazonaws.com/motorvehicle/76498/1764153330_ORUZTO.jpg, https://cca-web-public.s3.eu-west-1.amazonaws.com/motorvehicle/76498/1764153343_uLxPkW.jpg, https://cca-web-public.s3.eu-west-1.amazonaws.com/motorvehicle/76498/1764153354_DFST04.jpg, https://cca-web-public.s3.eu-west-1.amazonaws.com/motorvehicle/76498/1764153381_eYLhzb.jpg, https://cca-web-public.s3.eu-west-1.amazonaws.com/motorvehicle/76498/1764153398_LbPuqB.jpg, https://cca-web-public.s3.eu-west-1.amazonaws.com/motorvehicle/76498/1764153423_GTFFPf.jpg, https://cca-web-public.s3.eu-west-1.amazonaws.com/motorvehicle/76498/1764153307_4OYA4Z.jpg, https://cca-web-public.s3.eu-west-1.amazonaws.com/motorvehicle/76498/images/1764153307_4OYA4Z.jpg, https://cca-web-public.s3.eu-west-1.amazonaws.com/motorvehicle/76498/1764153175_FFLE4g.jpg, https://cca-web-public.s3.eu-west-1.amazonaws.com/motorvehicle/76498/1764153175_LpRBWo.jpg, /layout/namagrades/3.jpg"
CITROEN C3					1.2 PureTech Feel 5dr,CITROEN,C3,1.2 PureTech Feel 5dr,Hatchback,,Glasgow,GREEN,,G2-077375,5,,Petrol,Petrol,MANUAL,MANUAL,,1.2,,No,65618,Yes,3,,"£3,950, £3,950, £3,900, £3,850, £3,800, £3,750, £3,700, £3,650, £3,600, £3,550, £3,500, £3,400, £3,300, £3,200, £3,100, £3,000",3950,not_sold,,,,,,,,,"£5,503",,,8/12/2025,13:30,,7/4/2026,,,Mar-17,Present,SL17MVS,Yes,,,,,,https://www.centralcarauctions.com/motorvehicleinspectionreport/standard/77375.pdf,,,,4,"Tyre NSF||OK, Tyre OSF||OK, Tyre NSR||OK, Tyre OSR||OK, Spare Tyre||","Door Window nsf|Scratched|Over 30mm, Tailgate|Rusted|Over 5mm, Bonnet|Chipped|Multiple Chips, Bumper Front|Poor Previous Repair|Poor Paint, Bumper Rear Moulding|Scuffed (Unpainted)|Over 100mm, Qtr Panel osr|Dented|Over 30mm, Door osf|Dented|Over 30mm",,,,,"{'Category': {'Cat': '', 'Info': ''}}",,,,,"https://cca-web-public.s3.eu-west-1.amazonaws.com/motorvehicle/77375/1764602938_vgGvvm.jpg, https://cca-web-public.s3.eu-west-1.amazonaws.com/motorvehicle/77375/1764602939_jKzVa0.jpg, https://cca-web-public.s3.eu-west-1.amazonaws.com/motorvehicle/77375/1764602939_mjF4fD.jpg, https://cca-web-public.s3.eu-west-1.amazonaws.com/motorvehicle/77375/1764602939_EJnM0X.jpg, https://cca-web-public.s3.eu-west-1.amazonaws.com/motorvehicle/77375/1764602939_J0KSjh.jpg, https://cca-web-public.s3.eu-west-1.amazonaws.com/motorvehicle/77375/1764602939_6fY0sc.jpg, https://cca-web-public.s3.eu-west-1.amazonaws.com/motorvehicle/77375/1764602940_5RIoyO.jpg, https://cca-web-public.s3.eu-west-1.amazonaws.com/motorvehicle/77375/1764602940_5f0v9E.jpg, https://cca-web-public.s3.eu-west-1.amazonaws.com/motorvehicle/77375/1764602940_WKCE9a.jpg, https://cca-web-public.s3.eu-west-1.amazonaws.com/motorvehicle/77375/1764602940_3WKmDX.jpg, https://cca-web-public.s3.eu-west-1.amazonaws.com/motorvehicle/77375/1764602940_A2LxhP.jpg, https://cca-web-public.s3.eu-west-1.amazonaws.com/motorvehicle/77375/1764602941_Fo2gyp.jpg, https://cca-web-public.s3.eu-west-1.amazonaws.com/motorvehicle/77375/1764602941_4pmcfd.jpg, https://cca-web-public.s3.eu-west-1.amazonaws.com/motorvehicle/77375/1764602941_HJ7drO.jpg, https://cca-web-public.s3.eu-west-1.amazonaws.com/motorvehicle/77375/1764602941_Pw23dW.jpg, https://cca-web-public.s3.eu-west-1.amazonaws.com/motorvehicle/77375/1764602941_nKs3DQ.jpg, https://cca-web-public.s3.eu-west-1.amazonaws.com/motorvehicle/77375/1764602942_7rYnHc.jpg, https://cca-web-public.s3.eu-west-1.amazonaws.com/motorvehicle/77375/1764602942_snRHKP.jpg, https://cca-web-public.s3.eu-west-1.amazonaws.com/motorvehicle/77375/1764602942_XnKuCr.jpg, https://cca-web-public.s3.eu-west-1.amazonaws.com/motorvehicle/77375/1764602942_3aaScy.jpg, https://cca-web-public.s3.eu-west-1.amazonaws.com/motorvehicle/77375/1764603397_1Wlhmq.jpg, https://cca-web-public.s3.eu-west-1.amazonaws.com/motorvehicle/77375/1764603404_1bdHM1.jpg, https://cca-web-public.s3.eu-west-1.amazonaws.com/motorvehicle/77375/1764603418_rsblti.jpg, https://cca-web-public.s3.eu-west-1.amazonaws.com/motorvehicle/77375/1764603438_enEKh1.jpg, https://cca-web-public.s3.eu-west-1.amazonaws.com/motorvehicle/77375/1764603449_e7JbhS.jpg, https://cca-web-public.s3.eu-west-1.amazonaws.com/motorvehicle/77375/1764603459_O1v2mt.jpg, https://cca-web-public.s3.eu-west-1.amazonaws.com/motorvehicle/77375/1764603380_9FgzWN.jpg, https://cca-web-public.s3.eu-west-1.amazonaws.com/motorvehicle/77375/images/1764603380_9FgzWN.jpg, https://cca-web-public.s3.eu-west-1.amazonaws.com/motorvehicle/77375/1764602938_vgGvvm.jpg, https://cca-web-public.s3.eu-west-1.amazonaws.com/motorvehicle/77375/1764602939_jKzVa0.jpg, /layout/namagrades/4.jpg"
MERCEDES-BENZ GLA					GLA 200 Sport 5dr,MERCEDES-BENZ,GLA,GLA 200 Sport 5dr,Estate,,Glasgow,Met Mountain Grey,,G2-077052,,,Petrol,Petrol,MANUAL,MANUAL,,1.6,,No,58268,Yes,4,,"£6,250, £6,250, £6,200, £6,150, £6,100, £6,050, £6,000, £5,950, £5,900, £5,800, £5,700, £5,600, £5,500, £5,400",6250,provisionally,,,,,,,,,"£12,359",,,8/12/2025,13:30,,7/8/2026,,,Oct-18,Present,BG68VAF,Yes,,,,,,https://www.centralcarauctions.com/motorvehicleinspectionreport/standard/77052.pdf,,,,2,"Tyre NSF||OK, Tyre OSF||OK, Tyre NSR||OK, Tyre OSR||OK, Spare Tyre||","Screen Front|Cracked|Replace, Bumper Rear|Scratched|25 to 100mm Thru Paint, Door osr|Dented|Between 10mm + 30mm, Wheel osf|Scratched|Over 50mm, Bumper Front Moulding|Broken|Replace, Wheel nsf|Scratched|Over 50mm, Qtr Panel nsr|Dented|Between 10mm + 30mm",,,,,"{'Category': {'Cat': '', 'Info': 'Spare Key, SD Cardx6 Digital Prints'}}",,,,,"https://cca-web-public.s3.eu-west-1.amazonaws.com/motorvehicle/77052/1764318925_N1cZ6y.jpg, https://cca-web-public.s3.eu-west-1.amazonaws.com/motorvehicle/77052/1764318925_OcsCoS.jpg, https://cca-web-public.s3.eu-west-1.amazonaws.com/motorvehicle/77052/1764318926_G7LFQ8.jpg, https://cca-web-public.s3.eu-west-1.amazonaws.com/motorvehicle/77052/1764318926_CsnbrL.jpg, https://cca-web-public.s3.eu-west-1.amazonaws.com/motorvehicle/77052/1764318926_v8k7XC.jpg, https://cca-web-public.s3.eu-west-1.amazonaws.com/motorvehicle/77052/1764318926_VVVtLe.jpg, https://cca-web-public.s3.eu-west-1.amazonaws.com/motorvehicle/77052/1764318926_sn3Kft.jpg, https://cca-web-public.s3.eu-west-1.amazonaws.com/motorvehicle/77052/1764318926_k6eUFW.jpg, https://cca-web-public.s3.eu-west-1.amazonaws.com/motorvehicle/77052/1764318927_a2iCVC.jpg, https://cca-web-public.s3.eu-west-1.amazonaws.com/motorvehicle/77052/1764318927_TuYbL1.jpg, https://cca-web-public.s3.eu-west-1.amazonaws.com/motorvehicle/77052/1764318927_pWkyjY.jpg, https://cca-web-public.s3.eu-west-1.amazonaws.com/motorvehicle/77052/1764318927_jZZvMY.jpg, https://cca-web-public.s3.eu-west-1.amazonaws.com/motorvehicle/77052/1764318927_IukG0D.jpg, https://cca-web-public.s3.eu-west-1.amazonaws.com/motorvehicle/77052/1764318927_rPPGMA.jpg, https://cca-web-public.s3.eu-west-1.amazonaws.com/motorvehicle/77052/1764318928_Kg1dxN.jpg, https://cca-web-public.s3.eu-west-1.amazonaws.com/motorvehicle/77052/1764318928_0szD27.jpg, https://cca-web-public.s3.eu-west-1.amazonaws.com/motorvehicle/77052/1764318928_6eziQr.jpg, https://cca-web-public.s3.eu-west-1.amazonaws.com/motorvehicle/77052/1764318928_aKHMMg.jpg, https://cca-web-public.s3.eu-west-1.amazonaws.com/motorvehicle/77052/1764318928_7BvFYw.jpg, https://cca-web-public.s3.eu-west-1.amazonaws.com/motorvehicle/77052/1764318929_fbokHW.jpg, https://cca-web-public.s3.eu-west-1.amazonaws.com/motorvehicle/77052/1764318929_aQjCyM.jpg, https://cca-web-public.s3.eu-west-1.amazonaws.com/motorvehicle/77052/1764320075_CUdUEf.jpg, https://cca-web-public.s3.eu-west-1.amazonaws.com/motorvehicle/77052/1764320086_wnnPnd.jpg, https://cca-web-public.s3.eu-west-1.amazonaws.com/motorvehicle/77052/1764320175_qKIKHP.jpg, https://cca-web-public.s3.eu-west-1.amazonaws.com/motorvehicle/77052/1764320097_SpNanS.jpg, https://cca-web-public.s3.eu-west-1.amazonaws.com/motorvehicle/77052/1764320122_SCvNnJ.jpg, https://cca-web-public.s3.eu-west-1.amazonaws.com/motorvehicle/77052/1764320134_tJOZqJ.jpg, https://cca-web-public.s3.eu-west-1.amazonaws.com/motorvehicle/77052/1764319802_yxmKqR.jpg, https://cca-web-public.s3.eu-west-1.amazonaws.com/motorvehicle/77052/images/1764319802_yxmKqR.jpg, https://cca-web-public.s3.eu-west-1.amazonaws.com/motorvehicle/77052/1764318925_N1cZ6y.jpg, https://cca-web-public.s3.eu-west-1.amazonaws.com/motorvehicle/77052/1764318925_OcsCoS.jpg, /layout/namagrades/2.jpg"
MAZDA 3					2.0 SE 5dr,MAZDA,3 2.0 SE,5dr,Hatchback,,Glasgow,GREY,,G2-077373,5,,Petrol,Petrol,MANUAL,MANUAL,,2.0,,No,33131,Yes,2,,"£15,450, £15,450, £15,400, £15,350, £15,300, £15,250, £15,200, £15,150, £15,100, £15,050, £15,000, £14,950, £14,900, £14,800, £14,700, £14,600, £14,400, £14,200, £14,000",15450,provisionally,,,,,,,,,"£7,595",,,8/12/2025,13:30,,30/01/2026,,,Jan-14,Present,SB63BVX,Yes,,,,,,https://www.centralcarauctions.com/motorvehicleinspectionreport/standard/77373.pdf,,,,3,"Tyre NSF||OK, Tyre OSF||OK, Tyre NSR||OK, Tyre OSR||OK, Spare Tyre||","Roof|Rusted|Over 5mm, Bonnet|Chipped|1 To 5, Bumper Front|Poor Previous Repair|Poor Paint, Bumper Rear|Poor Previous Repair|Poor Paint, Door nsr|Dented|Between 10mm + 30mm, Qtr Panel osr|Poor Previous Repair|Poor Paint, Door osf|Dented|Between 10mm + 30mm",,,,,"{'Category': {'Cat': '', 'Info': 'SPARE KEY'}}",,,,,"https://cca-web-public.s3.eu-west-1.amazonaws.com/motorvehicle/77373/1764604027_0Our6r.jpg, https://cca-web-public.s3.eu-west-1.amazonaws.com/motorvehicle/77373/1764604027_0GI8kD.jpg, https://cca-web-public.s3.eu-west-1.amazonaws.com/motorvehicle/77373/1764604028_WmPXSI.jpg, https://cca-web-public.s3.eu-west-1.amazonaws.com/motorvehicle/77373/1764604028_vudhBd.jpg, https://cca-web-public.s3.eu-west-1.amazonaws.com/motorvehicle/77373/1764604028_Kmb8RG.jpg, https://cca-web-public.s3.eu-west-1.amazonaws.com/motorvehicle/77373/1764604028_AJBF2W.jpg, https://cca-web-public.s3.eu-west-1.amazonaws.com/motorvehicle/77373/1764604028_xOr8bq.jpg, https://cca-web-public.s3.eu-west-1.amazonaws.com/motorvehicle/77373/1764604029_JiTnuZ.jpg, https://cca-web-public.s3.eu-west-1.amazonaws.com/motorvehicle/77373/1764604029_g0t23Q.jpg, https://cca-web-public.s3.eu-west-1.amazonaws.com/motorvehicle/77373/1764604029_FwOjag.jpg, https://cca-web-public.s3.eu-west-1.amazonaws.com/motorvehicle/77373/1764604029_B8WacA.jpg, https://cca-web-public.s3.eu-west-1.amazonaws.com/motorvehicle/77373/1764604029_ff4xDB.jpg, https://cca-web-public.s3.eu-west-1.amazonaws.com/motorvehicle/77373/1764604030_QJa7e0.jpg, https://cca-web-public.s3.eu-west-1.amazonaws.com/motorvehicle/77373/1764604030_IYbpn2.jpg, https://cca-web-public.s3.eu-west-1.amazonaws.com/motorvehicle/77373/1764604030_E4HGYx.jpg, https://cca-web-public.s3.eu-west-1.amazonaws.com/motorvehicle/77373/1764604030_SAivjs.jpg, https://cca-web-public.s3.eu-west-1.amazonaws.com/motorvehicle/77373/1764604030_BCoivI.jpg, https://cca-web-public.s3.eu-west-1.amazonaws.com/motorvehicle/77373/1764604031_kknENA.jpg, https://cca-web-public.s3.eu-west-1.amazonaws.com/motorvehicle/77373/1764604031_Rlp04G.jpg, https://cca-web-public.s3.eu-west-1.amazonaws.com/motorvehicle/77373/1764604031_0pMjCi.jpg, https://cca-web-public.s3.eu-west-1.amazonaws.com/motorvehicle/77373/1764604915_mxQTN2.jpg, https://cca-web-public.s3.eu-west-1.amazonaws.com/motorvehicle/77373/1764604931_HYegEu.jpg, https://cca-web-public.s3.eu-west-1.amazonaws.com/motorvehicle/77373/1764604949_WDyeUV.jpg, https://cca-web-public.s3.eu-west-1.amazonaws.com/motorvehicle/77373/1764604964_nSiqge.jpg, https://cca-web-public.s3.eu-west-1.amazonaws.com/motorvehicle/77373/1764604974_pJhyrl.jpg, https://cca-web-public.s3.eu-west-1.amazonaws.com/motorvehicle/77373/1764604997_gfZ7yR.jpg, https://cca-web-public.s3.eu-west-1.amazonaws.com/motorvehicle/77373/1764604832_bBKMwE.jpg, https://cca-web-public.s3.eu-west-1.amazonaws.com/motorvehicle/77373/images/1764604832_bBKMwE.jpg, https://cca-web-public.s3.eu-west-1.amazonaws.com/motorvehicle/77373/1764604027_0Our6r.jpg, https://cca-web-public.s3.eu-west-1.amazonaws.com/motorvehicle/77373/1764604027_0GI8kD.jpg, /layout/namagrades/3.jpg"
AUDI A3					1.5 TFSI Black Edition 5dr,AUDI,A3,1.5 TFSI Black Edition 5dr,Hatchback,,Glasgow,Mythos BLACK metallic,,G2-074886,5,,Petrol,Petrol,MANUAL,MANUAL,,1.5,,No,56911,Yes,3,,"£4,450, £4,450, £4,425, £4,400, £4,375, £4,350, £4,325, £4,300, £4,275, £4,250, £4,225, £4,200, £4,175, £4,150, £4,125, £4,100, £4,075, £4,050, £4,025, £4,000, £3,950, £3,900, £3,850, £3,800, £3,700, £3,600, £3,500, £3,400",4450,not_sold,,,,,,,,,"£13,919",,,8/12/2025,13:30,,27/03/2026,,,Mar-18,Photocopy,GJ18EYW,Yes,,,,,,https://www.centralcarauctions.com/motorvehicleinspectionreport/standard/74886.pdf,,,,3,"Tyre NSF||OK, Tyre OSF||OK, Tyre NSR||OK, Tyre OSR||OK, Spare Tyre||","Bumper Front Moulding|Broken|Replace, Bumper Front Grill|Broken|Replace, Bumper Front|Scratched|25 to 100mm Thru Paint, Wheel nsf|Corroded|Light, Qtr Panel nsr|Dented|Over 30mm, Wheel osr|Corroded|Light, Door osf|Dented|Between 10mm + 30mm, Door nsr|Rusted|Over 5mm, Screen Rear|Scratched|Over 30mm",,,,,"{'Category': {'Cat': '', 'Info': 'SPARE KEYX 2 SERVICE PRINTSSpecification check when vehicle was new - Technology Pack Advanced OP EXT £1,395'}}",,,,,"https://cca-web-public.s3.eu-west-1.amazonaws.com/motorvehicle/74886/1763563498_z9DH4T.jpg, https://cca-web-public.s3.eu-west-1.amazonaws.com/motorvehicle/74886/1763563498_qY2dok.jpg, https://cca-web-public.s3.eu-west-1.amazonaws.com/motorvehicle/74886/1763563498_tSUDmf.jpg, https://cca-web-public.s3.eu-west-1.amazonaws.com/motorvehicle/74886/1763563498_kubdAS.jpg, https://cca-web-public.s3.eu-west-1.amazonaws.com/motorvehicle/74886/1763563499_KggD7F.jpg, https://cca-web-public.s3.eu-west-1.amazonaws.com/motorvehicle/74886/1763563499_u9g4d2.jpg, https://cca-web-public.s3.eu-west-1.amazonaws.com/motorvehicle/74886/1763563499_EGl3EO.jpg, https://cca-web-public.s3.eu-west-1.amazonaws.com/motorvehicle/74886/1763563499_3M6wst.jpg, https://cca-web-public.s3.eu-west-1.amazonaws.com/motorvehicle/74886/1763563499_dE1ge4.jpg, https://cca-web-public.s3.eu-west-1.amazonaws.com/motorvehicle/74886/1763563500_zzPBCX.jpg, https://cca-web-public.s3.eu-west-1.amazonaws.com/motorvehicle/74886/1763563500_1ffNoT.jpg, https://cca-web-public.s3.eu-west-1.amazonaws.com/motorvehicle/74886/1763563500_ayzCuL.jpg, https://cca-web-public.s3.eu-west-1.amazonaws.com/motorvehicle/74886/1763563500_JppVCN.jpg, https://cca-web-public.s3.eu-west-1.amazonaws.com/motorvehicle/74886/1763563500_7R7Sfa.jpg, https://cca-web-public.s3.eu-west-1.amazonaws.com/motorvehicle/74886/1763563501_1Ho1Je.jpg, https://cca-web-public.s3.eu-west-1.amazonaws.com/motorvehicle/74886/1763563501_NXTx2a.jpg, https://cca-web-public.s3.eu-west-1.amazonaws.com/motorvehicle/74886/1763563501_NbckZK.jpg, https://cca-web-public.s3.eu-west-1.amazonaws.com/motorvehicle/74886/1763563501_MqUzpm.jpg, https://cca-web-public.s3.eu-west-1.amazonaws.com/motorvehicle/74886/1763563501_6tIsoE.jpg, https://cca-web-public.s3.eu-west-1.amazonaws.com/motorvehicle/74886/1763563502_maIDQr.jpg, https://cca-web-public.s3.eu-west-1.amazonaws.com/motorvehicle/74886/1763563502_raCr1x.jpg, https://cca-web-public.s3.eu-west-1.amazonaws.com/motorvehicle/74886/1763564968_jp3jZH.jpg, https://cca-web-public.s3.eu-west-1.amazonaws.com/motorvehicle/74886/1763564978_3RLDg6.jpg, https://cca-web-public.s3.eu-west-1.amazonaws.com/motorvehicle/74886/1763565052_Fcc4fy.jpg, https://cca-web-public.s3.eu-west-1.amazonaws.com/motorvehicle/74886/1763564993_Tjw9zr.jpg, https://cca-web-public.s3.eu-west-1.amazonaws.com/motorvehicle/74886/1763565011_7HWXkw.jpg, https://cca-web-public.s3.eu-west-1.amazonaws.com/motorvehicle/74886/1763565026_c5z1H8.jpg, https://cca-web-public.s3.eu-west-1.amazonaws.com/motorvehicle/74886/1763564879_g4J0kf.jpg, https://cca-web-public.s3.eu-west-1.amazonaws.com/motorvehicle/74886/images/1763564879_g4J0kf.jpg, https://cca-web-public.s3.eu-west-1.amazonaws.com/motorvehicle/74886/1763563498_z9DH4T.jpg, https://cca-web-public.s3.eu-west-1.amazonaws.com/motorvehicle/74886/1763563498_qY2dok.jpg, /layout/namagrades/3.jpg"
VAUXHALL CORSA					1.4 [75] ecoFLEX Energy 5dr [AC],VAUXHALL,CORSA,1.4 [75] ecoFLEX Energy 5dr [AC],Hatchback,,Glasgow,GREEN,,G2-077047,5,,Petrol,Petrol,MANUAL,MANUAL,,1.4,,No,36587,Yes,2,,"£2,350, £2,350, £2,300, £2,250, £2,200, £2,150, £2,100, £2,000, £1,900, £1,800, £1,700",2350,provisionally,,,,,,,,,"£6,837",,,8/12/2025,13:30,,15/12/2025,,,Jun-16,Present,SM16BZK,,,,,,,https://www.centralcarauctions.com/motorvehicleinspectionreport/standard/77047.pdf,,,,3,"Tyre NSF||OK, Tyre OSF||OK, Tyre NSR||OK, Tyre OSR||OK, Spare Tyre||","Bonnet|Chipped|1 To 5, Bumper Front|Poor Previous Repair|Poor Paint, Door nsf|Scratched|Over 25mm Thru Paint, B Post ns|Dented|Between 10mm + 30mm, Qtr Panel nsr|Dented|Between 10mm + 30mm, Bumper Rear|Poor Previous Repair|Poor Paint",,,,,"{'Category': {'Cat': '', 'Info': 'SPARE KEY'}}",,,,,"https://cca-web-public.s3.eu-west-1.amazonaws.com/motorvehicle/77047/1764667771_wqDbFe.jpg, https://cca-web-public.s3.eu-west-1.amazonaws.com/motorvehicle/77047/1764667771_YcXNor.jpg, https://cca-web-public.s3.eu-west-1.amazonaws.com/motorvehicle/77047/1764667771_e72dGp.jpg, https://cca-web-public.s3.eu-west-1.amazonaws.com/motorvehicle/77047/1764667771_LFj2Ds.jpg, https://cca-web-public.s3.eu-west-1.amazonaws.com/motorvehicle/77047/1764667772_Pb0fAZ.jpg, https://cca-web-public.s3.eu-west-1.amazonaws.com/motorvehicle/77047/1764667772_Euyj3l.jpg, https://cca-web-public.s3.eu-west-1.amazonaws.com/motorvehicle/77047/1764667772_g9NVuz.jpg, https://cca-web-public.s3.eu-west-1.amazonaws.com/motorvehicle/77047/1764667772_eMjLb2.jpg, https://cca-web-public.s3.eu-west-1.amazonaws.com/motorvehicle/77047/1764667772_gqeZTe.jpg, https://cca-web-public.s3.eu-west-1.amazonaws.com/motorvehicle/77047/1764667773_VnFEYL.jpg, https://cca-web-public.s3.eu-west-1.amazonaws.com/motorvehicle/77047/1764667773_PgW1Wr.jpg, https://cca-web-public.s3.eu-west-1.amazonaws.com/motorvehicle/77047/1764667773_FJMZHZ.jpg, https://cca-web-public.s3.eu-west-1.amazonaws.com/motorvehicle/77047/1764667773_CTmpvE.jpg, https://cca-web-public.s3.eu-west-1.amazonaws.com/motorvehicle/77047/1764667773_2dQ0Zr.jpg, https://cca-web-public.s3.eu-west-1.amazonaws.com/motorvehicle/77047/1764667774_mR4RJl.jpg, https://cca-web-public.s3.eu-west-1.amazonaws.com/motorvehicle/77047/1764667774_6m7SRH.jpg, https://cca-web-public.s3.eu-west-1.amazonaws.com/motorvehicle/77047/1764667774_WTI2UL.jpg, https://cca-web-public.s3.eu-west-1.amazonaws.com/motorvehicle/77047/1764667774_wsrkGy.jpg, https://cca-web-public.s3.eu-west-1.amazonaws.com/motorvehicle/77047/1764667774_PNPBIY.jpg, https://cca-web-public.s3.eu-west-1.amazonaws.com/motorvehicle/77047/1764667774_icWTSZ.jpg, https://cca-web-public.s3.eu-west-1.amazonaws.com/motorvehicle/77047/1764667775_6sU9k4.jpg, https://cca-web-public.s3.eu-west-1.amazonaws.com/motorvehicle/77047/1764668867_umcljB.jpg, https://cca-web-public.s3.eu-west-1.amazonaws.com/motorvehicle/77047/1764668873_rbTYcv.jpg, https://cca-web-public.s3.eu-west-1.amazonaws.com/motorvehicle/77047/1764674146_JVVrbm.jpg, https://cca-web-public.s3.eu-west-1.amazonaws.com/motorvehicle/77047/1764674155_EdMCoa.jpg, https://cca-web-public.s3.eu-west-1.amazonaws.com/motorvehicle/77047/1764674182_Mdxc8M.jpg, https://cca-web-public.s3.eu-west-1.amazonaws.com/motorvehicle/77047/1764674213_07Y6vs.jpg, https://cca-web-public.s3.eu-west-1.amazonaws.com/motorvehicle/77047/1764668333_208jo7.jpg, https://cca-web-public.s3.eu-west-1.amazonaws.com/motorvehicle/77047/images/1764668333_208jo7.jpg, https://cca-web-public.s3.eu-west-1.amazonaws.com/motorvehicle/77047/1764667771_wqDbFe.jpg, https://cca-web-public.s3.eu-west-1.amazonaws.com/motorvehicle/77047/1764667771_YcXNor.jpg, /layout/namagrades/3.jpg"
BMW 3 SERIES					330e SE Pro 4dr Step Auto,BMW,3 SERIES,330e SE Pro 4dr Step Auto,Saloon,,Glasgow,Met Mineral Grey,,G2-077525,4,,Hybrid Electric,Hybrid Electric,AUTOMATIC,AUTOMATIC,,2.0,,No,79452,Yes,2,,"£3,975, £3,975, £3,950, £3,925, £3,900, £3,875, £3,850, £3,825, £3,800, £3,750, £3,700, £3,650, £3,600, £3,550, £3,500, £3,450, £3,400, £3,300, £3,200, £3,100, £3,000, £2,900, £2,800, £2,700",3975,not_sold,,,,,,,,,,,,8/12/2025,13:30,,22/06/2026,,,Jun-22,Present,DA22NLL,Yes,,,,,,https://www.centralcarauctions.com/motorvehicleinspectionreport/standard/77525.pdf,,,,2,"Tyre NSF||OK, Tyre OSF||OK, Tyre NSR||OK, Tyre OSR||OK, Spare Tyre||","Bumper Front|Chipped|Multiple Chips, Bonnet|Poor Previous Repair|Poor Paint, Boot Lid|Scratched|UpTo 25mm Thru Paint",,,,,"{'Category': {'Cat': '', 'Info': 'Spare Key'}}",,,,,"https://cca-web-public.s3.eu-west-1.amazonaws.com/motorvehicle/77525/1764699089_ODBOpR.jpg, https://cca-web-public.s3.eu-west-1.amazonaws.com/motorvehicle/77525/1764699089_Fn8EEo.jpg, https://cca-web-public.s3.eu-west-1.amazonaws.com/motorvehicle/77525/1764699089_87y4LF.jpg, https://cca-web-public.s3.eu-west-1.amazonaws.com/motorvehicle/77525/1764699089_P2KXU9.jpg, https://cca-web-public.s3.eu-west-1.amazonaws.com/motorvehicle/77525/1764699090_8ojwNa.jpg, https://cca-web-public.s3.eu-west-1.amazonaws.com/motorvehicle/77525/1764699090_JeWY6V.jpg, https://cca-web-public.s3.eu-west-1.amazonaws.com/motorvehicle/77525/1764699090_CYyqS2.jpg, https://cca-web-public.s3.eu-west-1.amazonaws.com/motorvehicle/77525/1764699090_lzbYcJ.jpg, https://cca-web-public.s3.eu-west-1.amazonaws.com/motorvehicle/77525/1764699090_ivfeLv.jpg, https://cca-web-public.s3.eu-west-1.amazonaws.com/motorvehicle/77525/1764699091_OPoQV5.jpg, https://cca-web-public.s3.eu-west-1.amazonaws.com/motorvehicle/77525/1764699091_l9jMKc.jpg, https://cca-web-public.s3.eu-west-1.amazonaws.com/motorvehicle/77525/1764699091_xiEPKj.jpg, https://cca-web-public.s3.eu-west-1.amazonaws.com/motorvehicle/77525/1764699091_dieoAO.jpg, https://cca-web-public.s3.eu-west-1.amazonaws.com/motorvehicle/77525/1764699092_d0onRp.jpg, https://cca-web-public.s3.eu-west-1.amazonaws.com/motorvehicle/77525/1764699092_BF0mLn.jpg, https://cca-web-public.s3.eu-west-1.amazonaws.com/motorvehicle/77525/1764699092_IYsd8E.jpg, https://cca-web-public.s3.eu-west-1.amazonaws.com/motorvehicle/77525/1764699092_vE6v09.jpg, https://cca-web-public.s3.eu-west-1.amazonaws.com/motorvehicle/77525/1764699092_vpPHrZ.jpg, https://cca-web-public.s3.eu-west-1.amazonaws.com/motorvehicle/77525/1764699092_MpDC7I.jpg, https://cca-web-public.s3.eu-west-1.amazonaws.com/motorvehicle/77525/1764699093_jRX963.jpg, https://cca-web-public.s3.eu-west-1.amazonaws.com/motorvehicle/77525/1764699093_E7gmHh.jpg, https://cca-web-public.s3.eu-west-1.amazonaws.com/motorvehicle/77525/1764750071_W6ZlN2.jpg, https://cca-web-public.s3.eu-west-1.amazonaws.com/motorvehicle/77525/1764750075_dKM3Lw.jpg, https://cca-web-public.s3.eu-west-1.amazonaws.com/motorvehicle/77525/1764750450_v3aeOr.jpg, https://cca-web-public.s3.eu-west-1.amazonaws.com/motorvehicle/77525/1764750471_M05sXC.jpg, https://cca-web-public.s3.eu-west-1.amazonaws.com/motorvehicle/77525/1764750488_qdSgvQ.jpg, https://cca-web-public.s3.eu-west-1.amazonaws.com/motorvehicle/77525/1764750496_py0qRT.jpg, https://cca-web-public.s3.eu-west-1.amazonaws.com/motorvehicle/77525/1764750514_yi4r2W.jpg, https://cca-web-public.s3.eu-west-1.amazonaws.com/motorvehicle/77525/1764750521_7T2jAC.jpg, https://cca-web-public.s3.eu-west-1.amazonaws.com/motorvehicle/77525/1764750693_moTwb1.jpg, https://cca-web-public.s3.eu-west-1.amazonaws.com/motorvehicle/77525/1764750086_MwVAJN.jpg, https://cca-web-public.s3.eu-west-1.amazonaws.com/motorvehicle/77525/images/1764750086_MwVAJN.jpg, https://cca-web-public.s3.eu-west-1.amazonaws.com/motorvehicle/77525/1764699089_ODBOpR.jpg, https://cca-web-public.s3.eu-west-1.amazonaws.com/motorvehicle/77525/1764699089_Fn8EEo.jpg, /layout/namagrades/2.jpg"
MINI HATCHBACK					1.5 Cooper D 5dr 7KN Chili,MINI,HATCHBACK,1.5 Cooper D 5dr 7KN Chili,Hatchback,,Glasgow,Blazing RED,,G2-077039,5,,Diesel,Diesel,MANUAL,MANUAL,,1.5,,No,42484,Yes,2,,"£3,050, £3,050, £3,000, £2,950, £2,900, £2,850, £2,800, £2,750, £2,700, £2,650, £2,600, £2,500, £2,400, £2,300, £2,200, £2,100, £2,000",3050,in_progress,,,,,,,,,"£8,388",,,8/12/2025,13:30,,19/11/2026,,,Jun-17,Present,LA17HVZ,Yes,,,,,,https://www.centralcarauctions.com/motorvehicleinspectionreport/standard/77039.pdf,,,,3,"Tyre NSF||OK, Tyre OSF||OK, Tyre NSR||OK, Tyre OSR||OK, Spare Tyre||","Bonnet|Chipped|Multiple Chips, Wheel nsf|Scratched|Over 50mm, Tailgate|Scratched|UpTo 25mm Thru Paint, Bumper Rear|Scratched|25 to 100mm Thru Paint, Door osr|Poor Previous Repair|Paint Flake, Door osf|Chipped|Edge Chip, Wing osf|Scratched|UpTo 25mm Thru Paint",,,,,"{'Category': {'Cat': '', 'Info': 'SPARE KEYSpecification check when vehicle was new - CHILI Pack, 7KN CHILI Pack, OPT EXT £6425\t\t\t\t\t3 iDRIVE ENTRIES'}}",,,,,"https://cca-web-public.s3.eu-west-1.amazonaws.com/motorvehicle/77039/1764777865_5phRpS.jpg, https://cca-web-public.s3.eu-west-1.amazonaws.com/motorvehicle/77039/1764777865_HvUpup.jpg, https://cca-web-public.s3.eu-west-1.amazonaws.com/motorvehicle/77039/1764777866_Ihw8FE.jpg, https://cca-web-public.s3.eu-west-1.amazonaws.com/motorvehicle/77039/1764777866_ZLgEx7.jpg, https://cca-web-public.s3.eu-west-1.amazonaws.com/motorvehicle/77039/1764777866_98vt36.jpg, https://cca-web-public.s3.eu-west-1.amazonaws.com/motorvehicle/77039/1764777866_zTc7ux.jpg, https://cca-web-public.s3.eu-west-1.amazonaws.com/motorvehicle/77039/1764777866_Nydz2B.jpg, https://cca-web-public.s3.eu-west-1.amazonaws.com/motorvehicle/77039/1764777867_WQqcKB.jpg, https://cca-web-public.s3.eu-west-1.amazonaws.com/motorvehicle/77039/1764777867_Xy2CXD.jpg, https://cca-web-public.s3.eu-west-1.amazonaws.com/motorvehicle/77039/1764777867_6qLC9q.jpg, https://cca-web-public.s3.eu-west-1.amazonaws.com/motorvehicle/77039/1764777867_BeYcSN.jpg, https://cca-web-public.s3.eu-west-1.amazonaws.com/motorvehicle/77039/1764777867_OyVqBJ.jpg, https://cca-web-public.s3.eu-west-1.amazonaws.com/motorvehicle/77039/1764777867_dyfxc3.jpg, https://cca-web-public.s3.eu-west-1.amazonaws.com/motorvehicle/77039/1764777868_utMAve.jpg, https://cca-web-public.s3.eu-west-1.amazonaws.com/motorvehicle/77039/1764777868_27JfQA.jpg, https://cca-web-public.s3.eu-west-1.amazonaws.com/motorvehicle/77039/1764777868_cJ2NH3.jpg, https://cca-web-public.s3.eu-west-1.amazonaws.com/motorvehicle/77039/1764777868_E5xSdK.jpg, https://cca-web-public.s3.eu-west-1.amazonaws.com/motorvehicle/77039/1764777868_hVlcoY.jpg, https://cca-web-public.s3.eu-west-1.amazonaws.com/motorvehicle/77039/1764777869_frd283.jpg, https://cca-web-public.s3.eu-west-1.amazonaws.com/motorvehicle/77039/1764777869_AtR5xM.jpg, https://cca-web-public.s3.eu-west-1.amazonaws.com/motorvehicle/77039/1764777869_gWcC11.jpg, https://cca-web-public.s3.eu-west-1.amazonaws.com/motorvehicle/77039/1764779527_sLCIxJ.jpg, https://cca-web-public.s3.eu-west-1.amazonaws.com/motorvehicle/77039/1764779540_VnXwvm.jpg, https://cca-web-public.s3.eu-west-1.amazonaws.com/motorvehicle/77039/1764779550_mQfv94.jpg, https://cca-web-public.s3.eu-west-1.amazonaws.com/motorvehicle/77039/1764779562_PaMi3P.jpg, https://cca-web-public.s3.eu-west-1.amazonaws.com/motorvehicle/77039/1764779572_kdung9.jpg, https://cca-web-public.s3.eu-west-1.amazonaws.com/motorvehicle/77039/1764779601_UgzHrC.jpg, https://cca-web-public.s3.eu-west-1.amazonaws.com/motorvehicle/77039/1764779612_Ibt5EJ.jpg, https://cca-web-public.s3.eu-west-1.amazonaws.com/motorvehicle/77039/1764779409_1V9TIl.jpg, https://cca-web-public.s3.eu-west-1.amazonaws.com/motorvehicle/77039/images/1764779409_1V9TIl.jpg, https://cca-web-public.s3.eu-west-1.amazonaws.com/motorvehicle/77039/1764777865_5phRpS.jpg, https://cca-web-public.s3.eu-west-1.amazonaws.com/motorvehicle/77039/1764777865_HvUpup.jpg, /layout/namagrades/3.jpg"
HYUNDAI I30					1.6 CRDi Blue Drive SE 5dr,HYUNDAI,I30,1.6 CRDi Blue Drive SE 5dr,Hatchback,,Glasgow,WHITE,,G2-078387,5,,Diesel,Diesel,MANUAL,MANUAL,,1.6,,No,69879,Yes,3,,"£5,275, £5,275, £5,250, £5,225, £5,200, £5,150, £5,100, £5,050, £5,000, £4,900, £4,800, £4,700, £4,600, £4,500, £4,400, £4,300, £4,200, £4,100, £4,000",5275,sold,,,,,,,,,"£5,715",,,8/12/2025,13:30,,7/7/2026,,,Dec-16,Present,SM66JYY,Yes,,,,,,https://www.centralcarauctions.com/motorvehicleinspectionreport/standard/78387.pdf,,,,3,"Tyre NSF||OK, Tyre OSF||OK, Tyre NSR||OK, Tyre OSR||OK, Spare Tyre||","Bonnet|Chipped|1 To 5, Sill ns|Dented|Over 30mm, Bumper Rear|Scratched|Over 100mm Thru Paint",,,,,"{'Category': {'Cat': '', 'Info': 'Spare Key'}}",,,,,"https://cca-web-public.s3.eu-west-1.amazonaws.com/motorvehicle/78387/1764861040_Y36qPx.jpg, https://cca-web-public.s3.eu-west-1.amazonaws.com/motorvehicle/78387/1764861041_J1FDLm.jpg, https://cca-web-public.s3.eu-west-1.amazonaws.com/motorvehicle/78387/1764861041_D1UfbC.jpg, https://cca-web-public.s3.eu-west-1.amazonaws.com/motorvehicle/78387/1764861041_sBY29H.jpg, https://cca-web-public.s3.eu-west-1.amazonaws.com/motorvehicle/78387/1764861041_b04y5l.jpg, https://cca-web-public.s3.eu-west-1.amazonaws.com/motorvehicle/78387/1764861042_ozTXlQ.jpg, https://cca-web-public.s3.eu-west-1.amazonaws.com/motorvehicle/78387/1764861042_E9psI4.jpg, https://cca-web-public.s3.eu-west-1.amazonaws.com/motorvehicle/78387/1764861042_FsHAPM.jpg, https://cca-web-public.s3.eu-west-1.amazonaws.com/motorvehicle/78387/1764861043_qkkdpz.jpg, https://cca-web-public.s3.eu-west-1.amazonaws.com/motorvehicle/78387/1764861043_ARoa1J.jpg, https://cca-web-public.s3.eu-west-1.amazonaws.com/motorvehicle/78387/1764861043_Epvofa.jpg, https://cca-web-public.s3.eu-west-1.amazonaws.com/motorvehicle/78387/1764861043_RkuHWo.jpg, https://cca-web-public.s3.eu-west-1.amazonaws.com/motorvehicle/78387/1764861043_C8Q3qN.jpg, https://cca-web-public.s3.eu-west-1.amazonaws.com/motorvehicle/78387/1764861044_OdXzGf.jpg, https://cca-web-public.s3.eu-west-1.amazonaws.com/motorvehicle/78387/1764861044_WRDcGj.jpg, https://cca-web-public.s3.eu-west-1.amazonaws.com/motorvehicle/78387/1764861044_8sLHmt.jpg, https://cca-web-public.s3.eu-west-1.amazonaws.com/motorvehicle/78387/1764861044_7XoOX9.jpg, https://cca-web-public.s3.eu-west-1.amazonaws.com/motorvehicle/78387/1764861045_DY8pqe.jpg, https://cca-web-public.s3.eu-west-1.amazonaws.com/motorvehicle/78387/1764861045_3bYUr9.jpg, https://cca-web-public.s3.eu-west-1.amazonaws.com/motorvehicle/78387/1764861045_Dg8bxK.jpg, https://cca-web-public.s3.eu-west-1.amazonaws.com/motorvehicle/78387/1764861045_2LID3x.jpg, https://cca-web-public.s3.eu-west-1.amazonaws.com/motorvehicle/78387/1764863163_fvXQyY.jpg, https://cca-web-public.s3.eu-west-1.amazonaws.com/motorvehicle/78387/1764863169_b2EAkx.jpg, https://cca-web-public.s3.eu-west-1.amazonaws.com/motorvehicle/78387/1764863174_YgZC2j.jpg, https://cca-web-public.s3.eu-west-1.amazonaws.com/motorvehicle/78387/1764863193_eWGTIS.jpg, https://cca-web-public.s3.eu-west-1.amazonaws.com/motorvehicle/78387/1764863200_ccfkLv.jpg, https://cca-web-public.s3.eu-west-1.amazonaws.com/motorvehicle/78387/1764863207_szyUUj.jpg, https://cca-web-public.s3.eu-west-1.amazonaws.com/motorvehicle/78387/1764863157_LtpBMx.jpg, https://cca-web-public.s3.eu-west-1.amazonaws.com/motorvehicle/78387/images/1764863157_LtpBMx.jpg, https://cca-web-public.s3.eu-west-1.amazonaws.com/motorvehicle/78387/1764861040_Y36qPx.jpg, https://cca-web-public.s3.eu-west-1.amazonaws.com/motorvehicle/78387/1764861041_J1FDLm.jpg, /layout/namagrades/3.jpg"
RENAULT ZOE DYNAMIQUE NAV AUTO,RENAULT,ZOE,DYNAMIQUE NAV AUTO,Hatchback,,Glasgow,WHITE,,G2-077657,5,,Electric,Electric,Automatic,Automatic,,,,No,42506,Yes,6,,"£12,200, £12,200, £12,150, £12,100, £12,050, £12,000, £11,950, £11,900, £11,800, £11,700, £11,600, £11,500, £11,400, £11,300, £11,200, £11,100, £11,000",12200,sold,,,,,,,,,"£4,701",,,8/12/2025,13:30,,23/12/2025,,,Sep-16,Present,YD66AZZ,Yes,,,,,,https://www.centralcarauctions.com/motorvehicleinspectionreport/standard/77657.pdf,,,,2,"Tyre NSF||OK, Tyre OSF||OK, Tyre NSR||OK, Tyre OSR||OK, Spare Tyre||","Door nsr|Dented|Between 10mm + 30mm, Wheel nsr|Scratched|Over 50mm, Door osr|Rusted|Over 5mm",,,,,"{'Category': {'Cat': '', 'Info': ''}}",,,,,"https://cca-web-public.s3.eu-west-1.amazonaws.com/motorvehicle/77657/1764846914_K2nvlO.jpg, https://cca-web-public.s3.eu-west-1.amazonaws.com/motorvehicle/77657/1764846914_7t0u5k.jpg, https://cca-web-public.s3.eu-west-1.amazonaws.com/motorvehicle/77657/1764846914_cZ4D7Y.jpg, https://cca-web-public.s3.eu-west-1.amazonaws.com/motorvehicle/77657/1764846915_cmoRm3.jpg, https://cca-web-public.s3.eu-west-1.amazonaws.com/motorvehicle/77657/1764846915_JRNZ1Y.jpg, https://cca-web-public.s3.eu-west-1.amazonaws.com/motorvehicle/77657/1764846915_pSYHQt.jpg, https://cca-web-public.s3.eu-west-1.amazonaws.com/motorvehicle/77657/1764846915_ZgjE0k.jpg, https://cca-web-public.s3.eu-west-1.amazonaws.com/motorvehicle/77657/1764846915_pr2xgE.jpg, https://cca-web-public.s3.eu-west-1.amazonaws.com/motorvehicle/77657/1764846915_uwkPh8.jpg, https://cca-web-public.s3.eu-west-1.amazonaws.com/motorvehicle/77657/1764846916_MfYO8v.jpg, https://cca-web-public.s3.eu-west-1.amazonaws.com/motorvehicle/77657/1764846916_xZIzLY.jpg, https://cca-web-public.s3.eu-west-1.amazonaws.com/motorvehicle/77657/1764846916_u1muur.jpg, https://cca-web-public.s3.eu-west-1.amazonaws.com/motorvehicle/77657/1764846916_m3ecDg.jpg, https://cca-web-public.s3.eu-west-1.amazonaws.com/motorvehicle/77657/1764846916_bHd8qc.jpg, https://cca-web-public.s3.eu-west-1.amazonaws.com/motorvehicle/77657/1764846916_5dzXkN.jpg, https://cca-web-public.s3.eu-west-1.amazonaws.com/motorvehicle/77657/1764846917_ggwZsg.jpg, https://cca-web-public.s3.eu-west-1.amazonaws.com/motorvehicle/77657/1764846917_dN1cSN.jpg, https://cca-web-public.s3.eu-west-1.amazonaws.com/motorvehicle/77657/1764846917_OEqFoV.jpg, https://cca-web-public.s3.eu-west-1.amazonaws.com/motorvehicle/77657/1764846917_5HJ25V.jpg, https://cca-web-public.s3.eu-west-1.amazonaws.com/motorvehicle/77657/1764846917_nIbKgv.jpg, https://cca-web-public.s3.eu-west-1.amazonaws.com/motorvehicle/77657/1764846918_tmqmQR.jpg, https://cca-web-public.s3.eu-west-1.amazonaws.com/motorvehicle/77657/1764847973_xp0slF.jpg, https://cca-web-public.s3.eu-west-1.amazonaws.com/motorvehicle/77657/1764847986_oQ2OsT.jpg, https://cca-web-public.s3.eu-west-1.amazonaws.com/motorvehicle/77657/1764848002_Ruw713.jpg, https://cca-web-public.s3.eu-west-1.amazonaws.com/motorvehicle/77657/1764848013_zKUtU9.jpg, https://cca-web-public.s3.eu-west-1.amazonaws.com/motorvehicle/77657/1764848021_85VLTc.jpg, https://cca-web-public.s3.eu-west-1.amazonaws.com/motorvehicle/77657/1764848044_7kX9eT.jpg, https://cca-web-public.s3.eu-west-1.amazonaws.com/motorvehicle/77657/1764848061_vYEtBH.jpg, https://cca-web-public.s3.eu-west-1.amazonaws.com/motorvehicle/77657/1764848207_wzY91t.jpg, https://cca-web-public.s3.eu-west-1.amazonaws.com/motorvehicle/77657/1764847922_2O5qbA.jpg, https://cca-web-public.s3.eu-west-1.amazonaws.com/motorvehicle/77657/images/1764847922_2O5qbA.jpg, https://cca-web-public.s3.eu-west-1.amazonaws.com/motorvehicle/77657/1764846914_K2nvlO.jpg, https://cca-web-public.s3.eu-west-1.amazonaws.com/motorvehicle/77657/1764846914_7t0u5k.jpg, /layout/namagrades/2.jpg"
JEEP RENEGADE					1.4 Multiair Longitude 5dr,JEEP,RENEGADE,1.4 Multiair Longitude 5dr,Estate,,Glasgow,RED,,G2-077528,,,Petrol,Petrol,MANUAL,MANUAL,,1.4,,No,69264,Yes,2,,"£4,200, £4,200, £4,150, £4,100, £4,050, £4,000, £3,950, £3,900, £3,800, £3,700, £3,600, £3,500",4200,sold,,,,,,,,,"£6,701",,,8/12/2025,13:30,,18/03/2026,,,Mar-16,Present,WN16JSU,Yes,,,,,,https://www.centralcarauctions.com/motorvehicleinspectionreport/standard/77528.pdf,,,,3,"Tyre NSF||Worn, Tyre OSF||OK, Tyre NSR||OK, Tyre OSR||OK, Spare Tyre||","Bonnet|Chipped|1 To 5, Bumper Front|Scratched|25 to 100mm Thru Paint, Wing nsf|Scratched|UpTo 25mm Thru Paint, B Post ns|Scratched|UpTo 25mm Thru Paint, Door nsr|Scratched|UpTo 25mm Thru Paint, Tailgate|Rusted|Over 5mm, Qtr Panel osr|Dented|Over 30mm, Door osr|Scratched|UpTo 25mm Thru Paint, Wing osf|Scratched|UpTo 25mm Thru Paint, Door osf|Dented|Between 10mm + 30mm",,,,,"{'Category': {'Cat': '', 'Info': 'SPARE KEY'}}",,,,,"https://cca-web-public.s3.eu-west-1.amazonaws.com/motorvehicle/77528/1764679665_1CzKDq.jpg, https://cca-web-public.s3.eu-west-1.amazonaws.com/motorvehicle/77528/1764679665_CGWU0G.jpg, https://cca-web-public.s3.eu-west-1.amazonaws.com/motorvehicle/77528/1764679665_Ig7AkZ.jpg, https://cca-web-public.s3.eu-west-1.amazonaws.com/motorvehicle/77528/1764679665_VZBjfl.jpg, https://cca-web-public.s3.eu-west-1.amazonaws.com/motorvehicle/77528/1764679665_YElTId.jpg, https://cca-web-public.s3.eu-west-1.amazonaws.com/motorvehicle/77528/1764679666_k3Asme.jpg, https://cca-web-public.s3.eu-west-1.amazonaws.com/motorvehicle/77528/1764679666_QQf4uK.jpg, https://cca-web-public.s3.eu-west-1.amazonaws.com/motorvehicle/77528/1764679666_bS04A8.jpg, https://cca-web-public.s3.eu-west-1.amazonaws.com/motorvehicle/77528/1764679666_kKRhEj.jpg, https://cca-web-public.s3.eu-west-1.amazonaws.com/motorvehicle/77528/1764679666_ontQIf.jpg, https://cca-web-public.s3.eu-west-1.amazonaws.com/motorvehicle/77528/1764679666_F4vdDw.jpg, https://cca-web-public.s3.eu-west-1.amazonaws.com/motorvehicle/77528/1764679667_JQjeOI.jpg, https://cca-web-public.s3.eu-west-1.amazonaws.com/motorvehicle/77528/1764679667_CIOJaN.jpg, https://cca-web-public.s3.eu-west-1.amazonaws.com/motorvehicle/77528/1764679667_iGDo1I.jpg, https://cca-web-public.s3.eu-west-1.amazonaws.com/motorvehicle/77528/1764679667_Z54Tt2.jpg, https://cca-web-public.s3.eu-west-1.amazonaws.com/motorvehicle/77528/1764679667_6H5NSI.jpg, https://cca-web-public.s3.eu-west-1.amazonaws.com/motorvehicle/77528/1764679668_bNE4t9.jpg, https://cca-web-public.s3.eu-west-1.amazonaws.com/motorvehicle/77528/1764679668_JA0YUJ.jpg, https://cca-web-public.s3.eu-west-1.amazonaws.com/motorvehicle/77528/1764679668_flhGvT.jpg, https://cca-web-public.s3.eu-west-1.amazonaws.com/motorvehicle/77528/1764679668_Nfsug2.jpg, https://cca-web-public.s3.eu-west-1.amazonaws.com/motorvehicle/77528/1764679668_GH8rdr.jpg, https://cca-web-public.s3.eu-west-1.amazonaws.com/motorvehicle/77528/1764756164_uDFs90.jpg, https://cca-web-public.s3.eu-west-1.amazonaws.com/motorvehicle/77528/1764756171_5c9HtI.jpg, https://cca-web-public.s3.eu-west-1.amazonaws.com/motorvehicle/77528/1764756178_GOhwKo.jpg, https://cca-web-public.s3.eu-west-1.amazonaws.com/motorvehicle/77528/1764756189_wZM0OF.jpg, https://cca-web-public.s3.eu-west-1.amazonaws.com/motorvehicle/77528/1764756199_jcLOO1.jpg, https://cca-web-public.s3.eu-west-1.amazonaws.com/motorvehicle/77528/1764756207_xzio2i.jpg, https://cca-web-public.s3.eu-west-1.amazonaws.com/motorvehicle/77528/1764756145_9Z9O8y.jpg, https://cca-web-public.s3.eu-west-1.amazonaws.com/motorvehicle/77528/images/1764756145_9Z9O8y.jpg, https://cca-web-public.s3.eu-west-1.amazonaws.com/motorvehicle/77528/1764679665_1CzKDq.jpg, https://cca-web-public.s3.eu-west-1.amazonaws.com/motorvehicle/77528/1764679665_CGWU0G.jpg, /layout/namagrades/3.jpg"
INFINITI Q50					2.2d SE 4dr Auto,INFINITI,Q50,2.2d SE 4dr Auto,Saloon,,Glasgow,GREY,,G2-077049,4,,Diesel,Diesel,AUTOMATIC,AUTOMATIC,,2.1,,No,66541,Yes,3,,"£10,050, £10,050, £10,000, £9,950, £9,900, £9,850, £9,800, £9,750, £9,700, £9,600, £9,500, £9,400",10050,provisionally,,,,,,,,,"£6,373",,,8/12/2025,13:30,,23/03/2026,,,Jul-16,Present,RF16KTN,Yes,,,,,,https://www.centralcarauctions.com/motorvehicleinspectionreport/standard/77049.pdf,,,,3,"Tyre NSF||OK, Tyre OSF||OK, Tyre NSR||OK, Tyre OSR||OK, Spare Tyre||","Bonnet|Poor Previous Repair|Poor Paint, Wing nsf|Poor Previous Repair|Poor Paint, Boot Lid|Rusted|Over 5mm",,,,,"{'Category': {'Cat': '', 'Info': 'SPARE KEY'}}",,,,,"https://cca-web-public.s3.eu-west-1.amazonaws.com/motorvehicle/77049/1764673384_AVn8SW.jpg, https://cca-web-public.s3.eu-west-1.amazonaws.com/motorvehicle/77049/1764673384_kesDJ2.jpg, https://cca-web-public.s3.eu-west-1.amazonaws.com/motorvehicle/77049/1764673384_mEwV7L.jpg, https://cca-web-public.s3.eu-west-1.amazonaws.com/motorvehicle/77049/1764673385_BYgT5V.jpg, https://cca-web-public.s3.eu-west-1.amazonaws.com/motorvehicle/77049/1764673385_AYRpmN.jpg, https://cca-web-public.s3.eu-west-1.amazonaws.com/motorvehicle/77049/1764673385_RyVbgt.jpg, https://cca-web-public.s3.eu-west-1.amazonaws.com/motorvehicle/77049/1764673385_EcCIRM.jpg, https://cca-web-public.s3.eu-west-1.amazonaws.com/motorvehicle/77049/1764673385_KsdlfU.jpg, https://cca-web-public.s3.eu-west-1.amazonaws.com/motorvehicle/77049/1764673386_ljHxUa.jpg, https://cca-web-public.s3.eu-west-1.amazonaws.com/motorvehicle/77049/1764673386_1t5sTk.jpg, https://cca-web-public.s3.eu-west-1.amazonaws.com/motorvehicle/77049/1764673386_VqcRHx.jpg, https://cca-web-public.s3.eu-west-1.amazonaws.com/motorvehicle/77049/1764673386_2Be0mN.jpg, https://cca-web-public.s3.eu-west-1.amazonaws.com/motorvehicle/77049/1764673386_JoCFDO.jpg, https://cca-web-public.s3.eu-west-1.amazonaws.com/motorvehicle/77049/1764673387_LC8VZV.jpg, https://cca-web-public.s3.eu-west-1.amazonaws.com/motorvehicle/77049/1764673387_O2LZJJ.jpg, https://cca-web-public.s3.eu-west-1.amazonaws.com/motorvehicle/77049/1764673387_r4UjOq.jpg, https://cca-web-public.s3.eu-west-1.amazonaws.com/motorvehicle/77049/1764673387_I2iRrA.jpg, https://cca-web-public.s3.eu-west-1.amazonaws.com/motorvehicle/77049/1764673387_eSv6Qq.jpg, https://cca-web-public.s3.eu-west-1.amazonaws.com/motorvehicle/77049/1764673388_ruswKv.jpg, https://cca-web-public.s3.eu-west-1.amazonaws.com/motorvehicle/77049/1764673388_0SGdwy.jpg, https://cca-web-public.s3.eu-west-1.amazonaws.com/motorvehicle/77049/1764673388_CWyFEp.jpg, https://cca-web-public.s3.eu-west-1.amazonaws.com/motorvehicle/77049/1764757779_JuXJ8d.jpg, https://cca-web-public.s3.eu-west-1.amazonaws.com/motorvehicle/77049/1764757788_tkzaUH.jpg, https://cca-web-public.s3.eu-west-1.amazonaws.com/motorvehicle/77049/1764757796_4mwUsH.jpg, https://cca-web-public.s3.eu-west-1.amazonaws.com/motorvehicle/77049/1764757866_l3lYfH.jpg, https://cca-web-public.s3.eu-west-1.amazonaws.com/motorvehicle/77049/1764757874_qVMBxm.jpg, https://cca-web-public.s3.eu-west-1.amazonaws.com/motorvehicle/77049/1764757884_FV6aV9.jpg, https://cca-web-public.s3.eu-west-1.amazonaws.com/motorvehicle/77049/1764757773_f5ZYn2.jpg, https://cca-web-public.s3.eu-west-1.amazonaws.com/motorvehicle/77049/images/1764757773_f5ZYn2.jpg, https://cca-web-public.s3.eu-west-1.amazonaws.com/motorvehicle/77049/1764673384_AVn8SW.jpg, https://cca-web-public.s3.eu-west-1.amazonaws.com/motorvehicle/77049/1764673384_kesDJ2.jpg, /layout/namagrades/3.jpg"
BMW 7 SERIES					730d M Sport 4dr Auto,BMW,7 SERIES,730d M Sport 4dr Auto,Saloon,,Glasgow,Met Singapore Grey,,G2-077381,4,,Diesel,Diesel,AUTOMATIC,AUTOMATIC,,3.0,,No,71656,Yes,3,,"£4,250, £4,250, £4,225, £4,200, £4,175, £4,150, £4,125, £4,100, £4,075, £4,050, £4,000, £3,950, £3,900, £3,800, £3,700, £3,600, £3,500",4250,provisionally,,,,,,,,,"£19,786",,,8/12/2025,13:30,,15/02/2026,,,Sep-17,Present,SF67WUV,Yes,,,,,,https://www.centralcarauctions.com/motorvehicleinspectionreport/standard/77381.pdf,,,,2,"Tyre NSF||OK, Tyre OSF||OK, Tyre NSR||OK, Tyre OSR||OK, Spare Tyre||","Dash Warning Lights|Displayed|No Action, Fascia Trim|Damaged|Replace, Seat Back Cover osf|Scuffed|Over 25mm, Door Pad osr|Scuffed|UpTo 25mm, Wheel osr|Scratched|Up To 50mm, Bumper Front|Poor Previous Repair|Poor Paint, Door nsf|Scratched|UpTo 25mm Thru Paint, Bumper Rear|Scratched|25 to 100mm Thru Paint, Qtr Panel osr|Dented|Between 10mm + 30mm, Wing osf|Scratched|UpTo 25mm Thru Paint, Bonnet|Chipped|1 To 5",,,,,"{'Category': {'Cat': '', 'Info': 'Spare Key \t\t\t\t\t4 IDRIVE ENTRIES'}}",,,,,"https://cca-web-public.s3.eu-west-1.amazonaws.com/motorvehicle/77381/1764748751_hYdcwG.jpg, https://cca-web-public.s3.eu-west-1.amazonaws.com/motorvehicle/77381/1764748752_aB1Wtl.jpg, https://cca-web-public.s3.eu-west-1.amazonaws.com/motorvehicle/77381/1764748752_HIBSeR.jpg, https://cca-web-public.s3.eu-west-1.amazonaws.com/motorvehicle/77381/1764748752_yXysae.jpg, https://cca-web-public.s3.eu-west-1.amazonaws.com/motorvehicle/77381/1764748752_cwwNOm.jpg, https://cca-web-public.s3.eu-west-1.amazonaws.com/motorvehicle/77381/1764748752_cG1GRa.jpg, https://cca-web-public.s3.eu-west-1.amazonaws.com/motorvehicle/77381/1764748752_uDFvTR.jpg, https://cca-web-public.s3.eu-west-1.amazonaws.com/motorvehicle/77381/1764748753_r6YwY5.jpg, https://cca-web-public.s3.eu-west-1.amazonaws.com/motorvehicle/77381/1764748753_ZedBFk.jpg, https://cca-web-public.s3.eu-west-1.amazonaws.com/motorvehicle/77381/1764748753_7fF9K1.jpg, https://cca-web-public.s3.eu-west-1.amazonaws.com/motorvehicle/77381/1764748753_WqMc0X.jpg, https://cca-web-public.s3.eu-west-1.amazonaws.com/motorvehicle/77381/1764748754_cs5jQE.jpg, https://cca-web-public.s3.eu-west-1.amazonaws.com/motorvehicle/77381/1764748754_Kl7Qv6.jpg, https://cca-web-public.s3.eu-west-1.amazonaws.com/motorvehicle/77381/1764748754_nQpRT3.jpg, https://cca-web-public.s3.eu-west-1.amazonaws.com/motorvehicle/77381/1764748754_6pr2KS.jpg, https://cca-web-public.s3.eu-west-1.amazonaws.com/motorvehicle/77381/1764748754_xVn1Mx.jpg, https://cca-web-public.s3.eu-west-1.amazonaws.com/motorvehicle/77381/1764748754_CBlR5u.jpg, https://cca-web-public.s3.eu-west-1.amazonaws.com/motorvehicle/77381/1764748755_znBwHe.jpg, https://cca-web-public.s3.eu-west-1.amazonaws.com/motorvehicle/77381/1764748755_UCdEWo.jpg, https://cca-web-public.s3.eu-west-1.amazonaws.com/motorvehicle/77381/1764748755_d5uo6c.jpg, https://cca-web-public.s3.eu-west-1.amazonaws.com/motorvehicle/77381/1764748755_rYK7U6.jpg, https://cca-web-public.s3.eu-west-1.amazonaws.com/motorvehicle/77381/1764752928_MwLzIU.jpg, https://cca-web-public.s3.eu-west-1.amazonaws.com/motorvehicle/77381/1764752940_Eipco6.jpg, https://cca-web-public.s3.eu-west-1.amazonaws.com/motorvehicle/77381/1764752957_vUyz8U.jpg, https://cca-web-public.s3.eu-west-1.amazonaws.com/motorvehicle/77381/1764752968_zGVYAe.jpg, https://cca-web-public.s3.eu-west-1.amazonaws.com/motorvehicle/77381/1764752980_nG1pPv.jpg, https://cca-web-public.s3.eu-west-1.amazonaws.com/motorvehicle/77381/1764753020_zUrzxh.jpg, https://cca-web-public.s3.eu-west-1.amazonaws.com/motorvehicle/77381/1764753060_FzyqJt.jpg, https://cca-web-public.s3.eu-west-1.amazonaws.com/motorvehicle/77381/1764752788_EHoMpk.jpg, https://cca-web-public.s3.eu-west-1.amazonaws.com/motorvehicle/77381/images/1764752788_EHoMpk.jpg, https://cca-web-public.s3.eu-west-1.amazonaws.com/motorvehicle/77381/1764748751_hYdcwG.jpg, https://cca-web-public.s3.eu-west-1.amazonaws.com/motorvehicle/77381/1764748752_aB1Wtl.jpg, /layout/namagrades/2.jpg"
FORD FIESTA					1.0 EcoBoost 125 Active B+O Play 5dr,FORD,FIESTA,1.0 EcoBoost 125 Active B+O Play 5dr,Hatchback,,Glasgow,YELLOW,,G2-077768,5,,Petrol,Petrol,MANUAL,MANUAL,,1.0,,No,47736,Yes,4,,"£10,050, £10,050, £10,000, £9,950, £9,900, £9,850, £9,800, £9,750, £9,700, £9,650, £9,600, £9,500, £9,400, £9,300, £9,200",10050,provisionally,,,,,,,,,"£9,826",,,8/12/2025,13:30,,6/3/2026,,,Sep-18,Present,Y80AKO,Yes,,,,,,https://www.centralcarauctions.com/motorvehicleinspectionreport/standard/77768.pdf,,,,2,"Tyre NSF||OK, Tyre OSF||OK, Tyre NSR||OK, Tyre OSR||OK, Spare Tyre||","Tailgate|Dented|Over 30mm, Wheel osr|Corroded|Light, Roof|Scratched|UpTo 25mm Thru Paint, Bonnet|Chipped|1 To 5, Bumper Front|Chipped|1 To 5, Bumper Rear|Chipped|1 To 5, C Post ns|Dented|Between 10mm + 30mm",,,,,"{'Category': {'Cat': '', 'Info': 'STAYING ON PP - IF CHANGED WILL GO ONTO 68 PLATE.SPARE KEY'}}",,,,,"https://cca-web-public.s3.eu-west-1.amazonaws.com/motorvehicle/77768/1764929062_XoTYbn.jpg, https://cca-web-public.s3.eu-west-1.amazonaws.com/motorvehicle/77768/1764929062_gpCB9F.jpg, https://cca-web-public.s3.eu-west-1.amazonaws.com/motorvehicle/77768/1764929062_2dXGbW.jpg, https://cca-web-public.s3.eu-west-1.amazonaws.com/motorvehicle/77768/1764929063_9sfv3m.jpg, https://cca-web-public.s3.eu-west-1.amazonaws.com/motorvehicle/77768/1764929063_fNXjMl.jpg, https://cca-web-public.s3.eu-west-1.amazonaws.com/motorvehicle/77768/1764929063_DG2rl2.jpg, https://cca-web-public.s3.eu-west-1.amazonaws.com/motorvehicle/77768/1764929063_enYfjz.jpg, https://cca-web-public.s3.eu-west-1.amazonaws.com/motorvehicle/77768/1764929063_WQv1Rn.jpg, https://cca-web-public.s3.eu-west-1.amazonaws.com/motorvehicle/77768/1764929064_KJPXsx.jpg, https://cca-web-public.s3.eu-west-1.amazonaws.com/motorvehicle/77768/1764929064_rl1all.jpg, https://cca-web-public.s3.eu-west-1.amazonaws.com/motorvehicle/77768/1764929064_j9O3tq.jpg, https://cca-web-public.s3.eu-west-1.amazonaws.com/motorvehicle/77768/1764929064_p3uhtJ.jpg, https://cca-web-public.s3.eu-west-1.amazonaws.com/motorvehicle/77768/1764929065_yX0l08.jpg, https://cca-web-public.s3.eu-west-1.amazonaws.com/motorvehicle/77768/1764929065_O7dZIL.jpg, https://cca-web-public.s3.eu-west-1.amazonaws.com/motorvehicle/77768/1764929065_0kOIqV.jpg, https://cca-web-public.s3.eu-west-1.amazonaws.com/motorvehicle/77768/1764929065_flsZ3t.jpg, https://cca-web-public.s3.eu-west-1.amazonaws.com/motorvehicle/77768/1764929065_AhLMK2.jpg, https://cca-web-public.s3.eu-west-1.amazonaws.com/motorvehicle/77768/1764929066_RL9vnL.jpg, https://cca-web-public.s3.eu-west-1.amazonaws.com/motorvehicle/77768/1764929066_kbbzfd.jpg, https://cca-web-public.s3.eu-west-1.amazonaws.com/motorvehicle/77768/1764929066_Idcr6B.jpg, https://cca-web-public.s3.eu-west-1.amazonaws.com/motorvehicle/77768/1764929066_CEvxB0.jpg, https://cca-web-public.s3.eu-west-1.amazonaws.com/motorvehicle/77768/1764929628_QZRzgd.jpg, https://cca-web-public.s3.eu-west-1.amazonaws.com/motorvehicle/77768/1764929637_JxqpJa.jpg, https://cca-web-public.s3.eu-west-1.amazonaws.com/motorvehicle/77768/1764929675_Tyk6pT.jpg, https://cca-web-public.s3.eu-west-1.amazonaws.com/motorvehicle/77768/1764929642_fWkTlp.jpg, https://cca-web-public.s3.eu-west-1.amazonaws.com/motorvehicle/77768/1764929655_lBa7eg.jpg, https://cca-web-public.s3.eu-west-1.amazonaws.com/motorvehicle/77768/1764929667_FeoSPs.jpg, https://cca-web-public.s3.eu-west-1.amazonaws.com/motorvehicle/77768/1764929189_4kjEKi.jpg, https://cca-web-public.s3.eu-west-1.amazonaws.com/motorvehicle/77768/images/1764929189_4kjEKi.jpg, https://cca-web-public.s3.eu-west-1.amazonaws.com/motorvehicle/77768/1764929062_XoTYbn.jpg, https://cca-web-public.s3.eu-west-1.amazonaws.com/motorvehicle/77768/1764929062_gpCB9F.jpg, /layout/namagrades/2.jpg"
NISSAN MICRA					1.2 N-Tec 5dr,NISSAN,MICRA,1.2 N-Tec 5dr,Hatchback,,Glasgow,BLACK,,G2-077376,5,,Petrol,Petrol,MANUAL,MANUAL,,1.2,,No,30217,Yes,3,,"£4,750, £4,750, £4,725, £4,700, £4,675, £4,650, £4,600, £4,550, £4,500, £4,450, £4,400, £4,350, £4,300, £4,200, £4,100, £4,000",4750,provisionally,,,,,,,,,"£7,040",,,8/12/2025,13:30,,28/01/2026,,,Mar-17,Present,DY17AOO,Yes,,,,,,https://www.centralcarauctions.com/motorvehicleinspectionreport/standard/77376.pdf,,,,4,"Tyre NSF||OK, Tyre OSF||OK, Tyre NSR||OK, Tyre OSR||OK, Spare Tyre||","Bumper Front|Scratched|Over 100mm Thru Paint, Wheel nsf|Scratched|Over 50mm, Qtr Panel nsr|Scratched|Over 25mm Thru Paint, Bumper Rear|Scratched|Over 100mm Thru Paint, Tailgate|Dented|With Paint Damage, Roof|Scratched|Over 25mm Thru Paint, Door osr|Scratched|Over 25mm Thru Paint",,,,,"{'Category': {'Cat': '', 'Info': 'Spare Key, SD CardStamps are photocopy'}}",,,,,"https://cca-web-public.s3.eu-west-1.amazonaws.com/motorvehicle/77376/1764674663_Fc6fqZ.jpg, https://cca-web-public.s3.eu-west-1.amazonaws.com/motorvehicle/77376/1764674663_ZweBT7.jpg, https://cca-web-public.s3.eu-west-1.amazonaws.com/motorvehicle/77376/1764674663_gktNQ9.jpg, https://cca-web-public.s3.eu-west-1.amazonaws.com/motorvehicle/77376/1764674663_ceZXoI.jpg, https://cca-web-public.s3.eu-west-1.amazonaws.com/motorvehicle/77376/1764674664_Fm8gB2.jpg, https://cca-web-public.s3.eu-west-1.amazonaws.com/motorvehicle/77376/1764674664_ncvCxW.jpg, https://cca-web-public.s3.eu-west-1.amazonaws.com/motorvehicle/77376/1764674664_IkE3gc.jpg, https://cca-web-public.s3.eu-west-1.amazonaws.com/motorvehicle/77376/1764674664_g8PxtF.jpg, https://cca-web-public.s3.eu-west-1.amazonaws.com/motorvehicle/77376/1764674665_vAQEWc.jpg, https://cca-web-public.s3.eu-west-1.amazonaws.com/motorvehicle/77376/1764674665_IVrh3t.jpg, https://cca-web-public.s3.eu-west-1.amazonaws.com/motorvehicle/77376/1764674665_gQtyiL.jpg, https://cca-web-public.s3.eu-west-1.amazonaws.com/motorvehicle/77376/1764674665_VobKwT.jpg, https://cca-web-public.s3.eu-west-1.amazonaws.com/motorvehicle/77376/1764674666_A03UML.jpg, https://cca-web-public.s3.eu-west-1.amazonaws.com/motorvehicle/77376/1764674666_xR7YfL.jpg, https://cca-web-public.s3.eu-west-1.amazonaws.com/motorvehicle/77376/1764674666_FJ6gYx.jpg, https://cca-web-public.s3.eu-west-1.amazonaws.com/motorvehicle/77376/1764674666_3JR4dJ.jpg, https://cca-web-public.s3.eu-west-1.amazonaws.com/motorvehicle/77376/1764674666_hI8yxO.jpg, https://cca-web-public.s3.eu-west-1.amazonaws.com/motorvehicle/77376/1764674667_LwOY8N.jpg, https://cca-web-public.s3.eu-west-1.amazonaws.com/motorvehicle/77376/1764674667_QR1nob.jpg, https://cca-web-public.s3.eu-west-1.amazonaws.com/motorvehicle/77376/1764674667_f4xp4N.jpg, https://cca-web-public.s3.eu-west-1.amazonaws.com/motorvehicle/77376/1764674667_QqtBJD.jpg, https://cca-web-public.s3.eu-west-1.amazonaws.com/motorvehicle/77376/1764690125_SpmO4h.jpg, https://cca-web-public.s3.eu-west-1.amazonaws.com/motorvehicle/77376/1764690130_lwNqoY.jpg, https://cca-web-public.s3.eu-west-1.amazonaws.com/motorvehicle/77376/1764690138_iGI5OZ.jpg, https://cca-web-public.s3.eu-west-1.amazonaws.com/motorvehicle/77376/1764690144_uXAYkR.jpg, https://cca-web-public.s3.eu-west-1.amazonaws.com/motorvehicle/77376/1764690153_vAl9xY.jpg, https://cca-web-public.s3.eu-west-1.amazonaws.com/motorvehicle/77376/1764690159_v5VCJW.jpg, https://cca-web-public.s3.eu-west-1.amazonaws.com/motorvehicle/77376/1764690120_hbx3fX.jpg, https://cca-web-public.s3.eu-west-1.amazonaws.com/motorvehicle/77376/images/1764690120_hbx3fX.jpg, https://cca-web-public.s3.eu-west-1.amazonaws.com/motorvehicle/77376/1764674663_Fc6fqZ.jpg, https://cca-web-public.s3.eu-west-1.amazonaws.com/motorvehicle/77376/1764674663_ZweBT7.jpg, /layout/namagrades/4.jpg"
